z (m),u (m/s),V (1/s),T (K),P (Pa),rho (kg/m3),H2,H,O,O2,OH,H2O,HO2,H2O2,C,CH,CH2,CH2(S),CH3,CH4,CO,CO2,HCO,CH2O,CH2OH,CH3O,CH3OH,C2H,C2H2,C2H3,C2H4,C2H5,C2H6,HCCO,CH2CO,HCCOH,N,NH,NH2,NH3,NNH,NO,NO2,N2O,HNO,CN,HCN,H2CN,HCNN,HCNO,HOCN,HNCO,NCO,N2,AR,C3H7,C3H8,CH2CHO,CH3CHO
0.0,0.36678548521393894,-2.4200421235469388e-135,298.0,101324.99999999997,1.130051058012068,4.6433223700219768e-12,0.0,0.0,0.19011406844018508,0.0,0.0,4.3112269982460117e-16,1.631205968828134e-15,2.7124081187942338e-15,0.0,9.0642749614918898e-16,7.969264597360817e-28,0.0,0.095057034220063938,1.1188791657203684e-15,5.3640117149954336e-17,4.6464699215909721e-21,0.0,0.0,3.3052839396040692e-24,1.3281643932907879e-16,1.7357228726878057e-15,1.4684199779553127e-15,1.1601636008199194e-33,6.7868210914488763e-16,0.0,2.8465314008975282e-16,3.5194269666207937e-31,0.0,0.0,3.3956229827714242e-15,5.5193168275907159e-15,5.979517301420738e-15,0.0,2.4373532617737299e-30,1.1098979374380525e-15,0.0,0.0,0.0,0.0,3.7759805558174376e-15,0.0,1.0846136902198672e-31,0.0,1.6257282018079405e-19,2.4867403577652087e-16,0.0,0.71482889733507404,0.0,5.7959739870918327e-17,0.0,3.0504409274152943e-29,2.4393726591527274e-15
0.00033333333333333332,0.36678548521658499,-2.4200421219548135e-135,298.00000000013671,101324.99999999997,1.1300510580040233,1.1849244499080001e-11,1.6548163738557359e-19,0.0,0.19011406843882103,0.0,0.0,2.9882475059418948e-15,1.6358750365013171e-15,2.1869458093866279e-20,2.9225373705728037e-34,1.4517868170302958e-19,5.0675238675158363e-27,0.0,0.095057034219349079,7.770323359488149e-15,4.7252053974351108e-16,4.1091789626621532e-20,0.0,0.0,2.9627319985737055e-23,1.3281639801666782e-16,7.8603229492053963e-21,1.4684199779162351e-15,9.3266264237058915e-33,6.7868208910306992e-16,0.0,0.0,2.0688692616206678e-30,0.0,0.0,2.5981078489814633e-15,1.7264566322790362e-16,5.9795172925108806e-15,0.0,1.7043377797124237e-29,7.7600893149820522e-15,0.0,0.0,0.0,0.0,3.775980639226186e-15,0.0,1.3332298180251938e-34,0.0,1.6257282017550082e-19,2.4867403576301054e-16,0.0,0.71482889732994248,0.0,5.7959757346703067e-17,0.0,3.1058425329591786e-28,2.4393726583670279e-15
0.00066666666666666664,0.36678548522289472,-2.4200421203627273e-135,298.00000000013591,101324.99999999997,1.130051057984558,3.0477546562330389e-11,8.6870107424534073e-23,0.0,0.19011406843531345,0.0,0.0,2.9758832809389022e-15,1.642102522684905e-15,1.7425850228714863e-25,1.4832016194988585e-39,2.3041775813491674e-23,0.0,0.0,0.095057034217494188,7.7704594169640599e-15,4.7258742440659282e-16,1.1363271337859258e-24,0.0,0.0,3.4384948630579959e-23,1.3281639400136362e-16,3.5330883038683989e-26,1.4684199777445953e-15,9.0673289996114177e-34,6.7868207903818039e-16,0.0,0.0,4.981088290389637e-31,0.0,0.0,1.9883900653685747e-15,5.3391184614746047e-18,5.979517315558274e-15,0.0,9.0057013620970752e-33,8.5615029386378102e-15,0.0,0.0,0.0,0.0,3.7759807054721366e-15,0.0,2.4230801523639383e-39,0.0,1.6257282013543238e-19,2.4867403568334989e-16,0.0,0.71482889731667654,0.0,5.7959764225496279e-17,0.0,1.2159276317886965e-28,2.4393726579800577e-15
0.0010416666666666667,0.36678548524195864,-2.4200419416025736e-135,298.00000000013284,101325.0,1.1300510579257808,8.6730083969212329e-11,7.1350037203921338e-26,0.0,0.19011406842472287,0.0,0.0,2.9616448035067802e-15,1.6491601149450248e-15,1.2212062254295351e-30,0.0,6.3081906561439623e-27,0.0,0.0,0.095057034211892655,7.770474706589842e-15,4.7258741410409257e-16,2.4138740645985205e-29,0.0,0.0,3.4403611430976911e-23,1.3281639386200803e-16,1.4022016725400354e-31,1.4684199783852016e-15,6.4349315751931462e-35,6.7868210270611174e-16,0.0,0.0,0.0,0.0,0.0,1.4774798715821482e-15,1.4566816519596228e-19,5.979517451306204e-15,0.0,7.3759103671689678e-36,9.085832662631064e-15,0.0,0.0,0.0,0.0,3.7759807598938352e-15,0.0,0.0,0.0,1.6257282011632826e-19,2.4867403557800521e-16,0.0,0.71482889727661603,0.0,5.7959762473480434e-17,0.0,0.0,2.4393726578257644e-15
0.0014166666666666668,0.36678548529504706,-2.4200417628423613e-135,298.00000000012926,101324.99999999999,1.1300510577621676,2.4329665100961172e-10,4.2948168423299486e-26,0.0,0.1901140683952473,0.0,0.0,2.9476641297624348e-15,1.6561038003596639e-15,8.040833365252191e-36,0.0,2.2965458554350722e-27,0.0,0.0,0.095057034196301807,7.7705922632452857e-15,4.7258750576262478e-16,0.0,0.0,0.0,3.3681767164383238e-23,1.3281639582845548e-16,5.353311327261889e-37,1.4684199844835291e-15,0.0,6.7868234686258144e-16,1.200246160586453e-25,0.0,0.0,0.0,0.0,1.0984421169036917e-15,3.7316519042262642e-21,5.9795180854003202e-15,0.0,4.4233712085254709e-36,9.4709046512334606e-15,0.0,0.0,0.0,0.0,3.7759807976641483e-15,0.0,0.0,0.0,1.6257281998782678e-19,2.4867403514442428e-16,0.0,0.71482889716511611,0.0,5.7959754076585682e-17,0.0,0.0,2.4393726568017441e-15
0.002166666666666667,0.3667854856853156,-2.4200414053217803e-135,298.00000000012176,101324.99999999997,1.1300510565595627,1.3940359068201873e-09,4.1200165908511552e-26,0.0,0.19011406817860846,0.0,0.0,2.9207372719535027e-15,1.6695095553443686e-15,2.476847637814164e-41,0.0,1.3493758665481138e-27,4.0352448460282997e-32,9.6184078265522369e-16,0.095057034081710845,7.773185262339399e-15,4.7259091780019243e-16,0.0,0.0,3.8684836070289705e-32,3.1963722005169804e-23,1.3281645351742209e-16,8.9673708418731579e-43,1.4684201603341079e-15,0.0,6.7868822154581211e-16,1.0267541472002903e-24,0.0,0.0,0.0,0.0,6.4592850278481744e-16,4.503441078505992e-23,5.9795269451637889e-15,0.0,4.2433290536555726e-36,9.9284908676172192e-15,0.0,0.0,0.0,4.6092641964418999e-39,3.7759808366102506e-15,0.0,0.0,0.0,1.6257281986968715e-19,2.4867403210755533e-16,0.0,0.71482889634560576,0.0,5.7959721114011631e-17,0.0,0.0,2.4393726542739864e-15
0.003666666666666667,0.36678549064191046,-2.4200455740654772e-135,298.00000000012864,101324.99999999997,1.130051041286483,1.6008056691861089e-08,3.3121177079973317e-26,0.0,0.19011406542737078,0.0,0.0,2.8722998566749373e-15,1.6949026253047884e-15,3.7499978086915854e-47,0.0,5.5804849859671405e-28,6.0388915592473083e-32,3.6615508134070993e-15,0.09505703262643915,7.882411346240606e-15,4.7278048628095931e-16,0.0,0.0,6.8838648086101992e-32,2.7538170583429726e-23,1.3281970280493368e-16,0.0,1.4684288583094017e-15,0.0,6.7895861257091085e-16,1.7621998985340033e-24,0.0,0.0,0.0,0.0,2.6749647044223429e-16,1.8753104592821637e-25,5.9797626821708043e-15,0.0,3.4112466677579771e-36,1.0309901376751114e-14,0.0,0.0,0.0,6.8559493208823119e-39,3.7759808250775444e-15,0.0,0.0,0.0,1.6257282368644011e-19,2.4867397932803169e-16,0.0,0.71482888593809146,0.0,5.7959630366516796e-17,0.0,0.0,2.4393726298332679e-15
0.0051666666666666666,0.36678553095584759,-2.4200149329404889e-135,298.00000000070378,101325.0,1.1300509170667312,1.3486563935920899e-07,1.8236188737815806e-26,0.0,0.19011404305122309,0.0,7.356715473357009e-14,2.8639365414281975e-15,1.7362958846355677e-15,3.3754826226503576e-51,0.0,2.3030002965036964e-28,5.4218140360638999e-32,5.8631509728208124e-15,0.095057020790486682,1.0913512061220958e-14,4.796351974849382e-16,0.0,0.0,7.9100341095557652e-32,2.2203354900719817e-23,1.3294071552643737e-16,0.0,1.4687108596733656e-15,0.0,6.8718911406638508e-16,2.0668436138732707e-24,0.0,0.0,0.0,0.0,1.1068135187940988e-16,0.0,5.9838958921734136e-15,0.0,1.8781915750472629e-36,1.046782406196371e-14,0.0,0.0,0.0,7.2938533943764871e-39,3.7759808926559339e-15,0.0,0.0,0.0,1.6257302370470306e-19,2.4867366947660409e-16,0.0,0.71482880129253012,0.0,5.7959526604997017e-17,0.0,0.0,2.4393726500488016e-15
0.0059166666666666673,0.36678565895638271,-2.4054389507439023e-135,298.00000000643013,101325.0,1.1300505226642314,5.1222889600118706e-07,0.0,0.0,0.19011397200869404,0.0,7.9261214461791332e-13,3.2322667506333734e-15,1.9461359584037092e-15,1.9257910287683313e-51,0.0,1.3483365048603723e-28,4.7344446635567875e-32,6.8762908113518167e-15,0.095056983211862983,4.2835702291391897e-14,5.7339375245426544e-16,0.0,0.0,8.1419190644462174e-32,1.9958412377372133e-23,1.3464553492269436e-16,0.0,1.4721702352300048e-15,0.0,7.8218708258418292e-16,2.163006243550933e-24,0.0,0.0,0.0,0.0,6.5003987198902029e-17,0.0,6.0116024616216823e-15,0.0,0.0,1.0515486179377001e-14,0.0,0.0,0.0,7.2971688839923833e-39,3.7759862503189577e-15,0.0,0.0,0.0,1.6257595727801247e-19,2.4867447452999301e-16,0.0,0.71482853254967349,0.0,5.795945769527741e-17,0.0,0.0,2.4393762706380284e-15
0.0062916666666666676,0.36678589417908841,-2.3981534415746267e-135,298.0000000357598,101325.0,1.130049797894258,1.2056185515243297e-06,0.0,0.0,0.19011384147057073,0.0,4.4678390698552395e-12,5.3681274186522071e-15,3.0540779004092331e-15,1.4303928395772833e-51,0.0,9.9904361915970387e-29,4.4212158335496009e-32,7.628313586761556e-15,0.095056914160748046,2.1891130723590604e-13,1.2380359217623636e-15,0.0,0.0,8.2272958319421376e-32,2.1982671956315726e-23,1.4707960282674092e-16,0.0,1.4942467627413766e-15,0.0,1.3541807468452075e-15,2.2164181715447815e-24,0.0,0.0,0.0,0.0,4.8297550612459466e-17,0.0,6.1113861302740826e-15,0.0,0.0,1.054164593438436e-14,0.0,0.0,0.0,7.0654386524061267e-39,3.7760322898520376e-15,0.0,0.0,0.0,1.6259713562447243e-19,2.4868519398908913e-16,0.0,0.71482803874539946,0.0,5.795939814533917e-17,0.0,0.0,2.4394115899818988e-15
0.0066666666666666671,0.36678654903759061,-2.3908701605048582e-135,298.00000024565708,101325.0,1.130047780170972,3.1355144203376007e-06,9.5047691789161715e-26,2.1145129462964812e-16,0.1901134781440631,1.1507737494343769e-19,3.0739008692409237e-11,2.1825451415969084e-14,1.1569515078900923e-14,1.0963143144113889e-51,0.0,7.3956789851560202e-29,4.8250682166093292e-32,1.027699692633906e-14,0.095056721959868612,1.572527050716954e-12,7.7416539987036987e-15,0.0,2.9212141022325508e-16,8.4355075354174435e-32,6.3808690178266725e-23,2.7213928021716656e-16,0.0,1.6894373825211799e-15,0.0,6.1368919332122959e-15,2.3700424774329816e-24,0.0,0.0,0.0,0.0,3.5877085997747653e-17,0.0,6.623783292480431e-15,0.0,9.7892476499727202e-36,1.0626137819811078e-14,0.0,0.0,0.0,5.7966029260385241e-39,3.7765114584674736e-15,0.0,0.0,0.0,1.6280593086014014e-19,2.4879873940758577e-16,0.0,0.71482666434925246,0.0,5.7959277924179732e-17,0.0,0.0,2.4398273499596329e-15
0.007000000000000001,0.36678811248289622,-2.3786815675698686e-135,298.00000151696219,101325.0,1.1300429630391862,7.7401650091328381e-06,2.0236555776352645e-24,4.8010195030881997e-15,0.19011261124523746,2.650505533518167e-18,1.8968753351357926e-10,1.2869560717293135e-13,6.7132310672862116e-14,9.8081113556567581e-52,0.0,5.8947391249304011e-29,1.5941558765950249e-31,2.415144146039318e-14,0.095056263304688055,1.0375421580596463e-11,6.1487937871552711e-14,6.8980090323623401e-29,8.5068868306708854e-15,1.1851411353454006e-31,1.0018233571824832e-21,1.3342648799578904e-15,9.8301175898946989e-44,3.1478538397410972e-15,5.4890624717868282e-34,3.9945322514988366e-14,3.1500178409720952e-24,0.0,2.5277594247460218e-30,0.0,0.0,2.7468175724845707e-17,5.677279269017303e-26,8.857963251007221e-15,0.0,2.0842186931838404e-34,1.1105989778885646e-14,0.0,0.0,0.0,1.1440814725302637e-40,3.7806107374386037e-15,0.0,0.0,0.0,1.6454002437006592e-19,2.4975897920069549e-16,0.0,0.71482338508463661,0.0,5.7959052385965307e-17,0.0,3.6515564252893099e-27,2.4438591511791565e-15
0.0073333333333333341,0.36679216039288037,-2.3307432234622024e-135,298.00000974444413,101324.99999999999,1.1300304913733223,1.9643751805235042e-05,2.7997774172470697e-23,2.6928642418254992e-14,0.19011037009098744,1.4892218155082984e-17,1.2172911636415219e-09,8.6945075380538698e-13,4.5444240676843556e-13,1.2947179479498283e-51,0.0,1.4579770761809678e-28,3.0966792148017323e-30,1.1174512163268306e-13,0.095055077180083228,7.1507957540528019e-11,5.349378138882514e-13,3.0354617245637476e-27,8.1682474260550289e-14,1.4781078238114516e-30,3.360566749784006e-20,1.0947909469947531e-14,5.130763261805887e-42,1.4771465845915511e-14,2.3792617142546263e-32,2.9497935114560885e-13,8.2031538384841917e-24,8.5497977148462682e-15,1.3159470758395496e-28,0.0,0.0,2.114081271943218e-17,1.5379840820730777e-24,1.9303908103369838e-14,0.0,2.8835395159091593e-33,1.4408420101834539e-14,4.8527805824885602e-16,0.0,0.0,0.0,3.8177192923022189e-15,0.0,1.4918252311639781e-45,0.0,1.7988054534099621e-19,2.5829396753472657e-16,0.0,0.71481490768587563,0.0,5.7958827898865957e-17,0.0,1.5880281836479809e-25,2.4852608106973183e-15
0.0076666666666666671,0.36680266466674855,-2.228708887756329e-135,298.00006298659923,101325.0,1.1299981292627477,5.0415690533737935e-05,3.81606409042417e-22,1.3387814266442031e-13,0.19010457571530429,7.4690235297300518e-17,7.8607132560498506e-09,6.0035379973183876e-12,3.1543937031569021e-12,2.9817525303179009e-51,1.1039656273696248e-43,3.7193835338659384e-27,9.2726162900325823e-29,6.7511029808684051e-13,0.095052008155419948,4.9604583164613977e-10,4.7055170167863229e-12,1.1446261794372988e-25,7.3351081600045805e-13,6.1015483492769212e-29,1.2382447310481002e-18,9.7963480538347268e-14,1.9066401497004983e-40,1.0741109724237218e-13,8.9956879628380756e-31,2.2188162104173497e-12,4.2992374287862319e-23,1.3006065310624844e-13,4.8453600179307161e-27,6.5091352743093889e-16,0.0,1.7026452318496156e-17,2.7658654808194454e-23,6.8143676374859137e-14,0.0,3.9301265580999792e-32,3.7458286935723365e-14,7.8159688291175109e-15,0.0,0.0,0.0,4.1529787124021857e-15,0.0,0.0,0.0,3.1556130545709018e-19,3.3388497093222105e-16,0.0,0.71479299206390112,0.0,5.7962362231475966e-17,0.0,5.8829796146571522e-24,2.9098167044087659e-15
0.0078333333333333345,0.36681425724453043,-1.937471654103703e-135,298.00019883379622,101325.0,1.1299624168086948,8.4092623035391962e-05,1.814437184391376e-21,3.4118035945085825e-13,0.19009823234118367,1.9860331476187238e-16,2.4797157625710147e-08,1.998905692672867e-11,1.0549962495025295e-11,5.7037162763038052e-51,0.0,3.3280749895262933e-26,7.6997814563703827e-28,2.109180827494621e-12,0.095048642891797375,1.6546942156901506e-09,1.9003643068823144e-11,1.0502940310581017e-24,2.992327528903281e-12,6.4186687078207962e-28,1.6067092350220094e-17,4.0418951481427595e-13,1.8694587044883847e-39,3.9586513602673239e-13,8.5296528616826737e-30,7.901418741179083e-12,1.661807801170242e-22,5.7441714926326456e-13,4.5558518342764218e-26,4.2683650034000809e-15,0.0,1.7193397000077816e-17,1.7434256068122465e-22,1.5987954956224239e-13,1.29071281313207e-15,1.8686296000448213e-31,1.0076254801286904e-13,3.0926627101973098e-14,0.0,0.0,0.0,5.3300880432202526e-15,0.0,3.6282864440446094e-45,0.0,7.825094446086209e-19,5.9413163391340381e-16,0.0,0.71476900562756274,0.0,5.7984795800102081e-17,0.0,5.3555185100521695e-23,4.5949268188868602e-15
0.0080000000000000002,0.36683536526910648,-1.6503732875353605e-135,298.00070619922838,101324.99999999999,1.1298973971791673,0.0001444591222292971,1.092317814344694e-20,9.4451319303255876e-13,0.19008685455259874,6.5852599905260863e-16,8.8011586156252262e-08,7.544682889836868e-11,4.0025044433251515e-11,1.0490852255183444e-50,8.9872998693388748e-43,3.971434896171917e-25,9.0332654208999598e-27,7.4644501866521963e-12,0.095042589146283746,6.2571246186320301e-09,8.9127406633814422e-11,1.1999983240733287e-23,1.4181871977379153e-11,8.6865425616055297e-27,2.1106702153618882e-16,1.9431508387480386e-12,2.6460425284592192e-38,1.6895616536673166e-12,1.1525852264126713e-28,3.2175709114784212e-11,1.3450799812264461e-21,2.8873651885822464e-12,5.3843431563124514e-25,2.4463921106148286e-14,0.0,2.3600175812285788e-17,1.2798446422313611e-21,4.2020058056559937e-13,1.8514902148571708e-14,1.1249097930263422e-30,3.5371000814472042e-13,1.3577381911746251e-13,0.0,0.0,0.0,1.1232091136888642e-14,0.0,7.9031804033230492e-43,5.239397122162164e-17,3.0807892218935112e-18,1.8751573278682103e-15,0.0,0.71472600264331043,0.0,5.8136383470612182e-17,6.1142046770294324e-16,6.0426222044156888e-22,1.4073673673325465e-14
0.0081666666666666658,0.36687442503682549,5.0112142675349349e-135,298.00260067785081,101324.99999999999,1.1297771011705247,0.0002526641364705787,8.4113254680442444e-20,2.7000715119692072e-12,0.19006643184840938,3.3614113691721986e-15,3.2395110565177483e-07,2.9535281815866113e-10,1.5749514458678894e-10,0.0,1.6527352550802217e-41,6.1817921974867728e-24,1.6962673121477717e-25,2.747024319343958e-11,0.095031660184839037,2.4538705078325329e-08,4.3303430987416067e-10,1.4721269814001826e-22,6.9608463453146759e-11,1.3381589903189894e-25,2.7475460513270815e-15,9.677127303361549e-12,5.99033191151566e-37,7.4915734713992999e-12,2.4787340189920198e-27,1.3586554236005801e-10,2.2453664340359144e-20,1.4925167514455753e-11,6.8229792572025256e-24,1.3720929859671899e-13,0.0,5.1625280068098738e-17,9.8065918601110447e-21,1.1589089002132269e-12,8.4035994310931611e-14,8.6621724429053677e-30,1.3644259191589101e-12,6.1142226386569198e-13,4.2263171237184828e-16,8.5800832984905937e-16,0.0,4.0822715510369094e-14,0.0,1.3323953954321811e-42,7.4328383087367708e-16,1.4392411616652332e-17,8.180276886707948e-15,0.0,0.71464889418336297,0.0,5.9113580315294278e-17,5.8607264803118122e-15,7.2637576678960341e-21,6.738923908743051e-14
0.0082500000000000004,0.36690727338414025,2.6232365827706007e-134,298.00548951094999,101325.0,1.1296759557188332,0.00033892118015758666,3.1752887370602006e-19,4.8351888216374464e-12,0.19005010928678764,1.3504170981208974e-14,6.8367033672334674e-07,6.4983703053713305e-10,3.477368465147079e-10,0.0,3.0778055437448296e-40,4.0739301882666021e-23,1.4383804415017848e-24,5.7998530201826613e-11,0.095022842111595299,5.4055198504822068e-08,1.1084973103544261e-09,6.2509117787805264e-22,1.7948302597320381e-10,7.5867984375681866e-25,1.4622227445604423e-14,2.5218731296813334e-11,5.7761573226762044e-36,1.7974632589496595e-11,2.3022803642793465e-26,3.1492047133483325e-10,2.0235793193510078e-19,3.9923055632590266e-11,2.9339692760269248e-23,3.8733289210144497e-13,0.0,9.4473183666549564e-17,3.2070230107972036e-20,2.0373313479428217e-12,1.856887330332182e-13,3.270161956423894e-29,3.005254038150386e-12,1.4800195759826093e-12,1.4453590526052511e-15,6.8997638976138812e-15,0.0,1.0015411291921701e-13,0.0,1.3807458408750647e-40,2.1047659762233304e-15,3.6683592922561293e-17,2.0605551746672251e-14,0.0,0.71458738694203883,0.0,6.156346796701055e-17,1.8930557338161501e-14,3.0229191247095963e-20,1.8650910214797781e-13
0.0083333333333333332,0.36695661178565375,4.6821185524120727e-134,298.01232412419313,101325.0,1.1295240697627997,0.00045935198615499267,1.47342222609553e-18,9.0057110541624655e-12,0.1900272285723372,6.3367406597978716e-14,1.5348124818800238e-06,1.5298806447483127e-09,8.2193329463069267e-10,0.0,1.2557156441599188e-38,3.5953310446822124e-22,1.5155933910912208e-23,1.3028734162282027e-10,0.095010320619006827,1.2743420260104285e-07,3.1025094700205904e-09,3.0474921655772406e-21,5.0650075913701574e-10,5.9910600406545674e-24,7.8168581094958992e-14,7.2040059870939054e-11,7.0505961689539177e-35,4.6722921693215876e-11,2.6956493801276698e-25,7.8686234404589236e-10,1.6355615021613594e-18,1.1746883097994582e-10,1.4218729461779074e-22,1.2105521568018114e-12,0.0,1.9067757569373684e-16,1.1049970440862033e-19,3.7228713783911807e-12,4.298567311091848e-13,1.5177377671905513e-28,7.1038918170864675e-12,3.8843750656556169e-12,4.4822667410847468e-15,2.1956403497632148e-14,0.0,2.7854595101051264e-13,0.0,5.6604731377527457e-39,6.1358382277099623e-15,1.0268353137309245e-16,5.7394539563913096e-14,0.0,0.71450142943509554,0.0,7.0518195756020924e-17,6.6675194371328888e-14,1.4086010665763525e-19,5.8106460447282889e-13
0.008416666666666666,0.36703371223115222,1.07002982915196e-134,298.02848831889639,101324.99999999999,1.129286803256049,0.00062748690018806874,8.0634239711590161e-18,1.7152545901241507e-11,0.18999505665242719,3.2487795668219819e-13,3.548604658825074e-06,3.7145754887826848e-09,2.0038149279661206e-09,3.337055502472678e-49,7.0496239370790368e-37,3.8468044028005137e-21,1.7961886768022892e-22,3.0134470921026224e-10,0.094992353647745664,3.0984731573132659e-07,8.9886079293674737e-09,1.6701172448604019e-20,1.4796082826570971e-09,6.4595913257233538e-23,4.1956350679171201e-13,2.1308701361322705e-10,9.7292090331152902e-34,1.2555643123801217e-10,3.5645774678861239e-24,2.0307061260215717e-09,1.3254589885959274e-17,3.5800518162310349e-10,7.2932655995217567e-22,3.9197961677894025e-12,1.130796730657584e-15,4.0484560609509544e-16,3.9307743757553573e-19,6.9569990550200992e-12,1.016308775992085e-12,8.3104708366357468e-28,1.7341768029602553e-11,1.0539025436996977e-11,1.3499615123343763e-14,5.9472634969292116e-14,1.1030523666458056e-36,8.1488229583097919e-13,0.0,3.1813576650270574e-37,1.8070324435565918e-14,2.9808486823584094e-16,1.663132449957432e-13,0.0,0.71438122507148438,0.0,1.0319928971248537e-16,2.410773454372723e-13,6.9053905846982895e-19,1.8878473457369312e-12
0.0084583333333333333,0.36709099650081334,-5.1581935773006288e-135,298.04484001073496,101324.99999999999,1.1291105842660292,0.00073652693568858492,2.2470858701934761e-17,2.4141585151962505e-11,0.18997397894931473,8.7755584896526973e-13,5.5869807668949885e-06,6.0214551436401608e-09,3.2560687590196559e-09,1.2470742237689002e-47,7.9148685593056391e-36,1.5774617757773024e-20,7.6336258050053179e-22,4.7427974870670349e-10,0.094980280221603514,5.026914920072447e-07,1.6239756267182379e-08,4.5619263473861713e-20,2.6868175367143007e-09,2.8263542686358443e-22,1.1367513725631826e-12,3.9004662887878568e-10,4.5383029429822659e-33,2.1647386588572259e-10,1.6198911387352039e-23,3.4154862728625027e-09,5.0058214431783097e-17,6.6784481941151994e-10,1.7775312248715391e-21,7.6018748172613075e-12,3.2710397001057323e-15,6.0979488930509845e-16,8.0262129692608871e-19,9.6882809436870857e-12,1.6178022810627257e-12,2.3173459442499623e-27,2.8211954118936761e-11,1.8276474678183542e-11,2.4666928789904219e-14,9.9208358915694258e-14,7.7381231319062414e-35,1.4865831871431412e-12,0.0,3.5744439067211852e-36,3.2811661964907906e-14,5.3944251157573702e-16,3.0084854482975488e-13,0.0,0.71430309075522824,0.0,1.5199189392621268e-16,5.0176352887103855e-13,1.6374770424270711e-18,3.6741599325875582e-12
0.0085000000000000006,0.3671694384039379,-1.9809044582479424e-134,298.07233871792556,101324.99999999999,1.1288693704738817,0.0008671543551528845,6.4460370687829466e-17,3.446447254736558e-11,0.18994842638739856,2.3152063372490364e-12,9.0172701571446682e-06,1.0038100167185264e-08,5.4424330670382273e-09,1.1898591970457319e-46,9.0351738786837773e-35,6.5745955846944553e-20,3.2462893760589882e-21,7.6480034894655922e-10,0.0949652588607314,8.3878809484675589e-07,3.0566474683414712e-08,1.419586003370996e-19,5.0858464713408147e-09,1.3314583846964833e-21,3.1253377527422467e-12,7.4503591637272344e-10,2.1437463726548404e-32,3.8657656647343022e-10,7.4271861519387901e-23,5.932543669595851e-09,1.8035914798348601e-16,1.3032435584977266e-09,4.5682868295458366e-21,1.5501137066346172e-11,7.8624551234127405e-15,9.3608478695181794e-16,1.6846650802623831e-18,1.3674045631499851e-11,2.640826421742598e-12,6.6546907271416164e-27,4.7223849343155339e-11,3.2849795990603771e-11,4.68281632510914e-14,1.6856871399253407e-13,4.9042580031834711e-34,2.8320517935489998e-12,1.2542482226014686e-15,4.0800743060289574e-35,6.2001828680943547e-14,1.0173687786117545e-15,5.6724975452064271e-13,0.0,0.71420924390929463,0.0,2.6533739260391656e-16,1.1081734290617947e-12,4.0671665310256379e-18,7.5251382537386013e-12
0.0085416666666666662,0.36727990323846887,-3.5477650988190365e-134,298.11856994034019,101324.99999999999,1.1285298612114927,0.0010236317560396039,1.9018851825872882e-16,4.9717345559415226e-11,0.18991728918516657,6.087065443131278e-12,1.4789322419526231e-05,1.7031162937650773e-08,9.2590826499468713e-09,1.0076157397151328e-45,1.0659636308020093e-33,2.7940028139897221e-19,1.3966092933342972e-20,1.2520198148859201e-09,0.094946341168287748,1.4244974058983412e-06,5.8869956914007117e-08,5.0562518058795093e-19,9.8519757193882219e-09,6.5908475590422621e-21,8.6560504325282381e-12,1.4570775201736891e-09,1.0320524888468364e-31,7.047985287612945e-10,3.4619654410899592e-22,1.0507229558110224e-08,6.4458463529000141e-16,2.6061207526723988e-09,1.2210184674353316e-20,3.2445632206459616e-11,1.7711250560337424e-14,1.4548310579533253e-15,3.6622584944728172e-18,1.9490047642429697e-11,4.3806142642146807e-12,1.9670824276022448e-26,8.0475414389159648e-11,6.0292501484351222e-11,9.0801819408785206e-14,2.8962058401694946e-13,2.6650534339337073e-33,5.5268156096282672e-12,5.7254426392407653e-15,4.8127245899073053e-34,1.1979675644298888e-13,1.9636367613125295e-15,1.0947097074687811e-12,0.0,0.71409641224421694,0.0,5.2867511212450806e-16,2.5186425978932414e-12,1.0411048570471943e-17,1.5826190744816442e-11
0.0085833333333333334,0.36743993512996259,-4.6344381186740853e-134,298.19626541665309,101325.0,1.1280383752644738,0.001211053109488868,5.7200760764259236e-16,7.2270582687779767e-11,0.18987907122903552,1.5934045025097586e-11,2.4500078050250663e-05,2.9204832524486972e-08,1.5919850088756018e-08,8.5394217146496314e-45,1.2827633982747539e-32,1.1975027971297057e-18,6.0327606440392047e-20,2.0670221961906042e-09,0.094922152746977545,2.4450510104866247e-06,1.1477585126725594e-07,2.0345225562635319e-18,1.9316790491073124e-08,3.3438122258055517e-20,2.4006894711560312e-11,2.8850274615331778e-09,5.0191665897345052e-31,1.3000163192766382e-09,1.6259594052934795e-21,1.8820230578649151e-08,2.2972786390094542e-15,5.2771401933938129e-09,3.3797780350841769e-20,6.8785888858045132e-11,3.883346010574207e-14,2.2788927880672893e-15,8.2902966444188928e-18,2.7975674130150963e-11,7.3388522435948712e-12,5.9349619685751817e-26,1.3863223471704467e-10,1.1195136036022442e-10,1.7804188547537929e-13,5.0083646391157411e-13,1.4058913815002231e-32,1.0922991372752731e-11,1.47189955094884e-14,5.7891986584896923e-33,2.3420776125313881e-13,3.8368718247248832e-15,2.1388711454443585e-12,0.0,0.71396056769822702,0.0,1.140765246068425e-15,5.7986812563271926e-12,2.7174800997643832e-17,3.3716272486238498e-11
0.0086250000000000007,0.36767813091536222,-4.6226655877006089e-134,298.32677497049895,101324.99999999999,1.1273076320957092,0.0014354959435500579,1.7408281648227669e-15,1.0565984075741037e-10,0.18983168998848574,4.1373545531444783e-11,4.0832441850289631e-05,5.0393516560504815e-08,2.7538824166856451e-08,7.8619957621527838e-44,1.5533306248579206e-31,5.1228449742816975e-18,2.5943803806634983e-19,3.4251754246036433e-09,0.094890654235436481,4.2228537646592028e-06,2.2517141444702033e-07,8.9641639680131658e-18,3.8100480492597679e-08,1.7089246239734573e-19,6.6378956568913098e-11,5.7477864389810776e-09,2.4482538078191501e-30,2.4130315163104527e-09,7.630989284382473e-21,3.3922301311847611e-08,8.1649177093753608e-15,1.0751269070445242e-08,9.746346844803274e-20,1.4669918438839851e-10,8.411916801767625e-14,3.5874374910184307e-15,1.9685928863478229e-17,4.0353770639618662e-11,1.236746035139862e-11,1.8160146291452982e-25,2.4035041872537481e-10,2.0914025251326984e-10,3.5106970972712728e-13,8.6923894528049147e-13,7.3629420248767331e-32,2.1725308861305052e-11,3.2803405502723159e-14,7.0051156396828791e-32,4.6063187176043175e-13,7.5440817907363991e-15,4.2053100238999269e-12,4.286292825106889e-15,0.71379670609734935,0.0,2.5647809145073848e-15,1.3424031955370315e-11,7.1863243510599494e-17,7.2260162522747161e-11
0.0086666666666666663,0.36804140991619538,-4.6205079232406324e-134,298.54585421932399,101325.0,1.1261949847661592,0.001704191476639821,5.3293139940612972e-15,1.5519810415048016e-10,0.18977214618059457,1.0615663554438983e-10,6.8288274200923408e-05,8.7264623921188514e-08,4.779118740805632e-08,9.5257362050906175e-43,1.8703620744014627e-30,2.1673264704521979e-17,1.1026166827232135e-18,5.6761380011623881e-09,0.094848756297184617,7.3185311219671981e-06,4.4306332096660115e-07,4.1688919582494364e-17,7.5342201579770562e-08,8.6968307189038179e-19,1.8234943802316741e-10,1.1484080372973668e-08,1.193371390558844e-29,4.4933334320903805e-09,3.5566684568638975e-20,6.1345606169549009e-08,2.8907580881578504e-14,2.1964516342504059e-08,2.9727890340705834e-19,3.1365848037589649e-10,1.8116103916275317e-13,5.6650681594506561e-15,4.9401416355611561e-17,5.8403644508115838e-11,2.0911422466869593e-11,5.6106074815529244e-25,4.1826899347057408e-10,3.9181794534790177e-10,6.9408363548271226e-13,1.5114455436323279e-12,3.8421425574633914e-31,4.3338797359189183e-11,6.914872504521378e-14,8.4187710087810816e-31,9.0852436998170328e-13,1.4877362732011509e-14,8.2929599951687537e-12,1.6627525760611921e-14,0.71359853892700997,0.0,5.8832740638906927e-15,3.1142171624561398e-11,1.9143332746241569e-16,1.5525940825722224e-10
0.008687499999999999,0.36829899566831192,-5.0618239983167456e-134,298.71106298863197,101324.99999999997,1.1254073880201634,0.0018584043600894475,9.6930857134272321e-15,1.8906799742289632e-10,0.18973612377030577,1.7503997040022453e-10,8.9024220928613383e-05,1.1593876364458046e-07,6.3550060505096072e-08,4.3742923190611078e-42,6.9855141927471292e-30,4.6178473231458841e-17,2.3527410278576405e-18,7.3466226319693081e-09,0.094822111818477259,9.7266073420185296e-06,6.3153481242889278e-07,9.5288683411664097e-17,1.0766156807133682e-07,2.0561702730509792e-18,3.1460224363165994e-10,1.6510152383460731e-08,2.7612543390475096e-29,6.2111326767641437e-09,8.005209814982267e-20,8.344349279223239e-08,5.8842924093649864e-14,3.1977162722708668e-08,5.4876913916457617e-19,4.6865486298763717e-10,2.7124958024284772e-13,7.1626168105901928e-15,8.3939763875332662e-17,7.0529327931626854e-11,2.7421987830895019e-11,1.0275779776126337e-24,5.5728521488925544e-10,5.4328757631670697e-10,9.9189954098483698e-13,2.0113890392799019e-12,9.2318887493333003e-31,6.2252635632440978e-11,1.0107541690608339e-13,3.1419844775364759e-30,1.2966764109229493e-12,2.1232521721197682e-14,1.1835394136230669e-11,2.7301525713747164e-14,0.71348354234287636,0.0,9.2081914868595952e-15,4.8791053246383792e-11,3.1871392995223254e-16,2.3263791873860382e-10
0.0087083333333333318,0.36863121608108507,-5.027983571710539e-134,298.93215373420128,101324.99999999999,1.1243932165966584,0.002027763854815106,1.7681155566002689e-14,2.3126303687816896e-10,0.18969464061167038,2.872997488004949e-10,0.00011680522851368912,1.5521792233463539e-07,8.51423000356815e-08,2.3536832502594658e-41,2.6158147587975577e-29,9.8375945960611466e-17,5.0208743910388302e-18,9.5530667259065186e-09,0.094790269981759614,1.3025716820119216e-05,9.1161043637442619e-07,2.2145388188999661e-16,1.5581116408738162e-07,4.9059375807121029e-18,5.4829595966733086e-10,2.4053923118353518e-08,6.4576286443326854e-29,8.6740325720854528e-09,1.8118629097725335e-19,1.145393797994764e-07,1.1977354708781355e-13,4.7229436010163031e-08,1.0565075317032373e-18,7.1206822421653491e-10,4.1272861503417182e-13,9.0954196034360855e-15,1.4510974055748512e-16,8.5427352567795622e-11,3.6203364173058513e-11,1.8919306436633637e-24,7.4841223706803397e-10,7.611304142701704e-10,1.4357578208309492e-12,2.6967399990161269e-12,2.2482658813745473e-30,9.0613302584277711e-11,1.4909057920874022e-13,1.174986324700639e-29,1.8743349921970625e-12,3.0690444870325323e-14,1.7107342352732881e-11,4.3162879907076207e-14,0.71335597881747081,0.0,1.4756970572663604e-14,7.8101348395096587e-11,5.3844213257972804e-16,3.5456211945273389e-10
0.0087291666666666663,0.36906193669064274,-2.2944238969519117e-133,299.2278967014127,101324.99999999997,1.1230810752840268,0.0022137124125532746,3.2395047778090816e-14,2.8393027020373653e-10,0.18964645549273634,4.693821186745957e-10,0.00015400843626199576,2.0901409366828564e-07,1.147066138797756e-07,1.4225552641157048e-40,9.820579272671597e-29,2.0920660062804951e-16,1.0697168197917882e-17,1.2457895579836751e-08,0.094751889324284147,1.7543915335068993e-05,1.327630261639516e-06,5.200423893540961e-16,2.2749249538854646e-07,1.1762942639410611e-17,9.6027442995793778e-10,3.5371025018240349e-08,1.524622336600726e-28,1.2203719610599232e-08,4.1155590709938113e-19,1.5827910601747778e-07,2.4344603345049669e-13,7.0452503018175143e-08,2.1214676476735361e-18,1.0941462410718424e-09,6.3480349768004998e-13,1.158959956741881e-14,2.560665333514809e-16,1.0372608192171714e-10,4.8042549329807619e-11,3.5098229477379201e-24,1.0111983778098952e-09,1.0741899012854084e-09,2.0969840145539312e-12,3.6358643236912148e-12,5.5362503550721267e-30,1.3311850507896841e-10,2.212658000623548e-13,4.4032750545635133e-29,2.733645921113266e-12,4.4759822647073827e-14,2.4949764814097722e-11,6.6722849682097736e-14,0.71321421692507425,0.0,2.4029035957355489e-14,1.2675398676874942e-10,9.2074933553604809e-16,5.4658129366835581e-10
0.0087499999999999991,0.36962282276960562,-1.0568686676990809e-132,299.62328079337846,101324.99999999999,1.1213769878912858,0.0024178091496126711,5.9609382132483984e-14,3.4983779629160981e-10,0.18958994888537115,7.6271714327189245e-10,0.00020380023679431123,2.8267556180409005e-07,1.5514845909204062e-07,9.2128818676770656e-40,3.6888248627270403e-28,4.4306029298301287e-16,2.2702226201092963e-17,1.626848092707154e-08,0.094705233591535321,2.3728691893027064e-05,1.9452189544019938e-06,1.2272115347099936e-15,3.3410600147489391e-07,2.8228708431935649e-17,1.685143445415524e-09,5.23377884625369e-08,3.6309911060962023e-28,1.725940425764431e-08,9.3609487461223863e-19,2.1977005821074491e-07,4.936879231694178e-13,1.057902575095776e-07,4.4334062518215741e-18,1.6934874737360289e-09,9.8315785991293185e-13,1.4808123488747813e-14,4.6105503917473065e-16,1.2619279869975357e-10,6.3995290096717454e-11,6.5668299725203221e-24,1.3725425084317238e-09,1.5236257830624795e-09,3.081454397051665e-12,4.9220240578664759e-12,1.3761256111944584e-29,1.9678154579080431e-10,3.2968667399670103e-13,1.6499217351282894e-28,4.0111930769797661e-12,6.5676923886082972e-14,3.6609181549476884e-11,1.016988599843609e-13,0.71305634198853285,0.0,3.9550567518752475e-14,2.0745985044980715e-10,1.5912192390128273e-15,8.4879525598628556e-10
0.0087708333333333319,0.3703558436235066,-4.8501209640953072e-129,300.15151466668067,101325.0,1.1191577038736207,0.00264172964855153,1.1016438378944867e-13,4.3259697406572545e-10,0.18952299545694293,1.2313672539921002e-09,0.00027038832136856792,3.8351009689159588e-07,2.1040037648912009e-07,6.1857593128913601e-39,1.3836202804612387e-27,9.3224200737914254e-16,4.7887567089781495e-17,2.124841852030588e-08,0.094648053491468154,3.2189345547303613e-05,2.8613303511644202e-06,2.8970029258729375e-15,4.9248425618209081e-07,6.756783432256332e-17,2.9578777221176038e-09,7.7752604193005219e-08,8.7242097446834661e-28,2.4495386139235841e-08,2.1280037097245746e-18,3.0615346745608929e-07,9.981902398839787e-13,1.5951901334807801e-07,9.6002027836114763e-18,2.6328155409558643e-09,1.5291219090435969e-12,1.8961749736863252e-14,8.4553754732445851e-16,1.5376219529359566e-10,8.5474690337576088e-11,1.2408935016481343e-23,1.8694758458653976e-09,2.167977917991419e-09,4.5460552362051596e-12,6.6821948140351872e-12,3.4511075766220602e-29,2.9205246769972407e-10,4.9241375232938187e-13,6.1682322120505389e-28,5.9090714833184659e-12,9.6750622272747389e-14,5.3929993763696094e-11,1.5358454188774897e-13,0.71288009327896329,0.0,6.5596561171156525e-14,3.4121859415537697e-10,2.776807783542192e-15,1.3240287107006175e-09
0.0087916666666666664,0.37131653164238732,-1.6781998856451598e-128,300.8566295012721,101324.99999999999,1.1162624062683573,0.0028872606662437342,2.0456080740470746e-13,5.3698822456894117e-10,0.18944279476411091,1.972970046935425e-09,0.00035934648155434444,5.2149621763343489e-07,2.8575858702859318e-07,4.2273763108007737e-38,5.1750755233337451e-27,1.9447028968983272e-15,1.0020523803253722e-16,2.7732329406969995e-08,0.094577435688538797,4.3753501241080583e-05,4.2188658907403679e-06,6.8158726906928766e-15,7.2739788910810902e-07,1.6083880981555432e-16,5.1871076933037181e-09,1.1577822921565352e-07,2.11771587265404e-27,3.484161627752372e-08,4.8280022059051307e-18,4.2738908964811308e-07,2.0109282777011421e-12,2.4112270130543726e-07,2.1408343170981209e-17,4.1032914358784063e-09,2.3838031848706439e-12,2.432334461098725e-14,1.5760442505675887e-15,1.8756930364204027e-10,1.1436654956722259e-10,2.373360222170646e-23,2.5530134281273986e-09,3.0901380380551348e-09,6.7227140465974726e-12,9.0888080078895966e-12,8.7398983404581982e-29,4.3446214748150421e-10,7.3636681586147561e-13,2.2968866400213403e-27,8.7256080240732399e-12,1.428653823726601e-13,7.9634853325177925e-11,2.3048027958638086e-13,0.71268278759269954,0.0,1.0944243829377702e-13,5.6264689438960206e-10,4.8924237242220365e-15,2.0704769280579667e-09
0.0088124999999999992,0.37257818550619143,-6.4869590884855323e-128,301.79683327167015,101324.99999999999,1.1124827418575984,0.0031562872515148374,3.8193824934417142e-13,6.6944994776039348e-10,0.18934564858525202,3.1340700745220453e-09,0.00047802720235386262,7.1024847529162494e-07,3.8830799920460701e-07,2.9152772907243434e-37,1.9289200019910337e-26,4.0149002596266374e-15,2.0768478560113336e-16,3.6146770116825781e-08,0.094489612357629843,5.9541760336810925e-05,6.2277913190283174e-06,1.5934263480630985e-14,1.0751429723468559e-06,3.798082911297607e-16,9.0804048512595166e-09,1.7258573466471625e-07,5.2082444007813046e-27,4.9615471167370553e-08,1.0922526063440613e-17,5.9732111765169617e-07,4.0336830426591271e-12,3.6488808486689419e-07,4.8816626687571186e-17,6.4017325011785388e-09,3.7197186659302524e-12,3.1246673287260984e-14,2.9796016265078357e-15,2.289866470670817e-10,1.5317755609483061e-10,4.6088004968161752e-23,3.4935012430403914e-09,4.4067930957814397e-09,9.9532288855579497e-12,1.2375230666931768e-11,2.2405868391238126e-28,6.4701399466863055e-10,1.1015334948346877e-12,8.5107085936053645e-27,1.2899816908099759e-11,2.1120912282195374e-13,1.1773038079901514e-10,3.4429488328151033e-13,0.7124612282470596,0.0,1.8355736524903131e-13,9.2864085004709467e-10,8.7072597448183272e-15,3.2411399114751737e-09
0.0088333333333333319,0.37423722514550661,-1.6514668001684396e-127,303.04877987572058,101325.0,1.1075513642876893,0.0034507689297204186,7.1793548621273843e-13,8.3882868984503334e-10,0.18922667204020346,4.9312563461460153e-09,0.00063607542607165327,9.6832441503604216e-07,5.2744046389333214e-07,2.0232020436050913e-36,7.1673938071298391e-26,8.19310983545307e-15,4.2593059751838282e-16,4.7042448490730235e-08,0.094379725136362141,8.1065028069931684e-05,9.1953369957833999e-06,3.6924719418581522e-14,1.5886094305921724e-06,8.878476335319661e-16,1.5856817309791877e-08,2.5728192582211084e-07,1.3037377680100287e-26,7.0675033609567753e-08,2.4633289690841354e-17,8.3510802657874993e-07,8.0503177292810626e-12,5.5224973638932036e-07,1.1303051452977524e-16,9.9870776130002305e-09,5.8036124324968865e-12,4.0191180022503292e-14,5.7029734661499516e-15,2.7966468449909797e-10,2.052223119195646e-10,9.1250671814115335e-23,4.78806549317069e-09,6.2809275381208139e-09,1.4739252940424957e-11,1.6855895031811744e-11,5.8390118188961985e-28,9.6362597193939458e-10,1.6470449900880204e-12,3.1374654098971678e-26,1.907509771117376e-11,3.1231613567087043e-13,1.7408849822632012e-10,5.1246812201334642e-13,0.71221160039160858,0.0,3.094969753672366e-13,1.5323528957977702e-09,1.5671250048264388e-14,5.0734285648350338e-09
0.0088541666666666664,0.37641990050936414,-2.9155015460086716e-126,304.7129104836045,101325.0,1.101129700009084,0.0037727006739259961,1.3609152596362136e-12,1.0575543700278445e-09,0.18907942587156396,7.6801748439340201e-09,0.00084605051124542641,1.3209880322250928e-06,7.1545368901458051e-07,1.4145177915753267e-35,2.6590365416825626e-25,1.651695876545911e-14,8.6416133949457019e-16,6.1147760486236116e-08,0.094241539611372452,0.00011034917367796652,1.356861514847073e-05,8.4649211168742972e-14,2.3443170252497345e-06,2.0508435912803376e-15,2.7603789273118451e-08,3.8322572251752243e-07,3.3438365608724283e-26,1.0062601162971198e-07,5.5405935072652686e-17,1.1671081639450602e-06,1.5973664128595763e-11,8.3519494861835878e-07,2.6411745820385686e-16,1.5565026428327193e-08,9.0456467827023994e-12,5.1754872046503464e-14,1.1033382774310478e-14,3.415734587846533e-10,2.7485353041837042e-10,1.8521751132963856e-22,6.5710331403784572e-09,8.9378409316405593e-09,2.1813089826236424e-11,2.2951990710803733e-11,1.5563954862992302e-27,1.4340131067432227e-09,2.4598221620690227e-12,1.1517705583903579e-25,2.8189305705814697e-11,4.6154179582653837e-13,2.57268444097755e-10,7.6040948670370052e-13,0.71192935719558303,0.0,5.2491296680496752e-13,2.5255191227321544e-09,2.8566195044808021e-14,7.933744877892966e-09
0.0088749999999999992,0.37929050213570831,-8.1267169516215972e-126,306.9199789583098,101325.00000000001,1.0927965419978316,0.0041240535327550067,2.6046593039660987e-12,1.3435175260355972e-09,0.18889546067231697,1.1836024008199291e-08,0.001124148951487108,1.8025763227260946e-06,9.6818395073346966e-07,9.9740171020895788e-35,9.867994777642172e-25,3.2899088011749822e-14,1.735884443981871e-15,7.9462129779483742e-08,0.094067111825474198,0.00015009085037149229,1.9993690011378025e-05,1.9168167281423461e-13,3.4519536965229326e-06,4.6739604730618767e-15,4.7868326554041055e-08,5.6986029603425476e-07,8.8666381859281032e-26,1.4309516557443547e-07,1.2443508638535187e-16,1.6293090454188062e-06,3.1488528118592919e-11,1.2611270520525965e-06,6.1933224117376965e-16,2.4212894021767131e-08,1.407196270307334e-11,6.6718349690419173e-14,2.1546104928526783e-14,4.1704161141009999e-10,3.6773543275514266e-10,3.8768880853482181e-22,9.0285746008868644e-09,1.2684685751830541e-08,3.2236209272452471e-11,3.1223423801855562e-11,4.2788631922843776e-27,2.130479824422361e-09,3.6666438148513356e-12,4.2137740927576469e-25,4.1599875383381867e-11,6.8111119234335281e-13,3.796586930954781e-10,1.1248945222308447e-12,0.71160910794378285,0.0,8.9638061146467382e-13,4.1536571061321192e-09,5.2755941440853149e-14,1.2383580628241861e-08
0.0088854166666666665,0.38106459109137814,-1.390496159685501e-125,308.29135778699322,101325.0,1.087709218693935,0.0043119564209393463,3.6524958502777062e-12,1.5221324745196644e-09,0.18878526391203548,1.4695464022637807e-08,0.0012970087392136871,2.1100777203219788e-06,1.1267537110107193e-06,2.7286815120359335e-34,1.9317144890902606e-24,4.6522490269275909e-14,2.4666215028556567e-15,9.0769129160610895e-08,0.093962247060755483,0.00017528999252208261,2.4335866044599899e-05,2.8918872427628383e-13,4.1983638075178548e-06,7.0734809476697196e-15,6.3484728846823183e-08,6.9684231318795577e-07,1.4788648039551104e-25,1.709835396210568e-07,1.8777767445232032e-16,1.9283790608640959e-06,4.4774239116110369e-11,1.5547305259636455e-06,9.5825297188832909e-16,3.0318584329238757e-08,1.7620689463604008e-11,7.588477199765577e-14,3.0715317208098488e-14,4.6100174161004152e-10,4.258032705122103e-10,5.743759533283714e-22,1.0611962409251605e-08,1.5128317406511728e-08,3.929716602348585e-11,3.6466585574675993e-11,7.2664364169632149e-27,2.6040362102869414e-09,4.489083476183477e-12,8.1785328811247206e-25,5.0674227204837251e-11,8.2968429946898803e-13,4.6247484855466075e-10,1.3713869667802701e-12,0.71143186030147332,0.0,1.1863632636566431e-12,5.3574053438136897e-09,7.2670436866106081e-14,1.5534410063206155e-08
0.008895833333333332,0.38311654511796567,-2.0797739396289093e-125,309.8827890474019,101324.99999999999,1.0818838105136501,0.0045081869177842617,5.1486700616385129e-12,1.7304287875457948e-09,0.18866022878245212,1.8219238111525055e-08,0.0014973806014548074,2.4736690840494178e-06,1.311747348035368e-06,7.5428965955915209e-34,3.8041290768713672e-24,6.5778967607116909e-14,3.5074173919748283e-15,1.0387681019721293e-07,0.093843242215622805,0.00020492769423036212,2.9682879758257981e-05,4.3648218492071693e-13,5.1155254682640295e-06,1.0707511198034631e-14,8.4410140948963719e-08,8.5395597393609048e-07,2.510331176349227e-25,2.0461622016836528e-07,2.8444218157273226e-16,2.2852370815852094e-06,6.3799606722456659e-11,1.9215454946712861e-06,1.4891622376567332e-15,3.8081271606200833e-08,2.2132464837075191e-11,8.6403984723692013e-14,4.3816880441981085e-14,5.0969457812869655e-10,4.9339568847829994e-10,8.6243942262343309e-22,1.2496790856486141e-08,1.805989659312394e-08,4.80073239872459e-11,4.2632001279685925e-11,1.2556631685186299e-26,3.1896768139488959e-09,5.5078825866404293e-12,1.5944220727804918e-24,6.1858703982556346e-11,1.012806194855202e-12,5.6454881860146661e-10,1.6750813300043443e-12,0.7112418762359235,0.0,1.5832654575311973e-12,6.9411794509400586e-09,1.0094309110689493e-13,1.9548923735600751e-08
0.0089062499999999992,0.38548815925332286,-3.0749490149324018e-125,311.72753244516315,101324.99999999997,1.0752281336084453,0.0047129612618269845,7.3074336568632938e-12,1.9745302566783191e-09,0.18851809734727348,2.2551998356164426e-08,0.0017292960524769151,2.9033894215064076e-06,1.5270254202301414e-06,2.1144369781135391e-33,7.5495030586454214e-24,9.3014553474928943e-14,4.9918255321111232e-15,1.1913376881283135e-07,0.093708161371847967,0.0002397429786049122,3.6257219255923979e-05,6.5855835244764271e-13,6.2403208986241832e-06,1.6198899007497302e-14,1.1237731042838288e-07,1.0480173864231515e-06,4.3438514078861408e-25,2.4511701115851795e-07,4.3251749333280473e-16,2.710449612912857e-06,9.0958252932650885e-11,2.3791018004264269e-06,2.3230866796587102e-15,4.7933294518300027e-08,2.7858550391051914e-11,9.8480036038610355e-14,6.2583502486408388e-14,5.6357673843982217e-10,5.7196157349480399e-10,1.3159002681920237e-21,1.4741040240115635e-08,2.1568108386625045e-08,5.8735488655733732e-11,4.987259776509763e-11,2.2109026864490217e-26,3.9126960123131855e-09,6.7677558582502589e-12,3.1273668494719535e-24,7.5623022959153912e-11,1.2381674976553494e-12,6.9016740793067726e-10,2.0487136871820765e-12,0.711038050328899,0.0,2.1279083879926958e-12,9.021195878917176e-09,1.4145819417103549e-13,2.4654998915794811e-08
0.0089166666666666665,0.38822670282010058,-4.2445178265505998e-125,313.86321011280523,101324.99999999997,1.0676437945883088,0.0049264705496160051,1.0448979326050686e-11,2.2621352050812066e-09,0.18835629346624108,2.7869889836993094e-08,0.0019972642612423948,3.4109963233214282e-06,1.7768233520748897e-06,6.0200416366753072e-33,1.5113637121229809e-23,1.3158055684772609e-13,7.113692484310789e-15,1.3698298750566028e-07,0.093554841125569332,0.0002805831808039438,4.4326555502057997e-05,9.9264352469169237e-13,7.6167295026200501e-06,2.4475240876516307e-14,1.4965984029065142e-07,1.2872462927332609e-06,7.677103201775501e-25,2.9380716048049593e-07,6.6030993900137702e-16,3.2162974135083488e-06,1.2962180245349164e-10,2.9488170687787902e-06,3.6347392948683641e-15,6.0411970781508459e-08,3.511120989541707e-11,1.1234967822266463e-13,8.9506015574687081e-14,6.2313475818758473e-10,6.631327352039618e-10,2.0437401455337039e-21,1.7414043647787071e-08,2.5754401089430277e-08,7.1926241067290172e-11,5.836347865589411e-11,3.9729541517085117e-26,4.8035875621403987e-09,8.3227019361929217e-12,6.1763954354425403e-24,9.253291834702506e-11,1.5150309022109707e-12,8.4449369620055791e-10,2.5076378801989626e-12,0.71081919955555894,0.0,2.8775197789219597e-12,1.1747326569969783e-08,2.0010917402202987e-13,3.113661941232882e-08
0.008927083333333332,0.39138542958052902,-8.8824800507420098e-125,316.33216532297797,101325.0,1.0590275370951376,0.0051488743565475375,1.5063034264562243e-11,2.6029923060837714e-09,0.18817189275210544,3.4388527717725099e-08,0.0023062930332988871,4.0102285178747692e-06,2.0657219063024353e-06,1.7440195087043478e-32,3.0559723159976781e-23,1.8630877871000066e-13,1.0156887459986733e-14,1.5799381912186508e-07,0.093380877543169372,0.00032841495066401861,5.4211326731486782e-05,1.4940467367289336e-12,9.2968630667295566e-06,3.6913984530123287e-14,1.9922419409696748e-07,1.5814999436829793e-06,1.3888392096695651e-24,3.5223193146743295e-07,1.0124547710075048e-15,3.8169776669295044e-06,1.8452871126423447e-10,3.656731951389811e-06,5.7000867858344694e-15,7.6181692298957097e-08,4.4276543562001128e-11,1.2828842350795225e-13,1.2816124191073245e-13,6.888833616290228e-10,7.6873506544021189e-10,3.2368265591160435e-21,2.0598752720647663e-08,3.0733545514968576e-08,8.8112877122663886e-11,6.830409273591078e-11,7.3001014091723769e-26,5.8989118431241178e-09,1.0237572823084958e-11,1.2294112052796839e-23,1.1326642532359198e-10,1.8544977953884884e-12,1.0337156439840799e-09,3.0702788394796705e-12,0.71058407047595296,0.0,3.9127347721184957e-12,1.5311933408081714e-08,2.8596748834323122e-13,3.9345939426385802e-08
0.0089374999999999993,0.39502393804383096,-1.4758007342922515e-124,319.18178056545412,101325.0,1.049273249100444,0.0053802938506096994,2.1909063956704079e-11,3.0095361869599774e-09,0.18796159471463517,4.2373614925127634e-08,0.0026618991195701269,4.717094852342594e-06,2.3985902361120832e-06,5.1527108450990168e-32,6.2507863154258603e-23,2.6423018805063681e-13,1.4541391143829335e-14,1.8290518253031217e-07,0.093183616613123563,0.00038433481359072453,6.6293004823302738e-05,2.2447786497380985e-12,1.134202914522952e-05,5.5555242575492613e-14,2.649156000013022e-07,1.942524703206867e-06,2.5780105968411815e-24,4.2218793174473658e-07,1.5599237046282016e-15,4.528804458333883e-06,2.6232491752380529e-10,4.5343348168639101e-06,8.9556370772069041e-15,9.6059269574811722e-08,5.5829206466376679e-11,1.4661810102942461e-13,1.8367536025137815e-13,7.6136265561920444e-10,8.9079654311864519e-10,5.2378117473705851e-21,2.4394451022580199e-08,3.663367825547313e-08,1.079315736051531e-10,7.9920277850275862e-11,1.3744660468571077e-25,7.2422314941726579e-09,1.2589771950911643e-11,2.4694995074243245e-23,1.3863167995225922e-10,2.2697996950759724e-12,1.2652085292146463e-09,3.7586331291296397e-12,0.71033135149490756,0.0,5.3477659254473642e-12,1.9960601619509963e-08,4.1320511198002774e-13,4.9717216781838903e-08
0.0089479166666666665,0.39920853147838181,-2.313856811560728e-124,322.46472763732112,101325.0,1.0382747322514403,0.0056208045417106695,3.2180175935814194e-11,3.4977406660650669e-09,0.18772169896814314,5.2155148407003031e-08,0.0030701041020523784,5.5501862375721527e-06,2.780494896857025e-06,1.5566386237978126e-31,1.295718052563006e-22,3.7568282417558344e-13,2.0895661188646468e-14,2.1268378147144038e-07,0.092960149664089622,0.00044957870766339588,8.102288434260297e-05,3.3662719938116513e-12,1.38237731164821e-05,8.341467612225077e-14,3.51680737759629e-07,2.3842181923418488e-06,4.9226870518599027e-24,5.0575016800484562e-07,2.4166074566606048e-15,5.370397797907577e-06,3.7231555237107082e-10,5.6194677140090808e-06,1.4093031890195752e-14,1.2104244251270509e-07,7.0348960629811249e-11,1.6771644440143243e-13,2.6337432462961134e-13,8.4113408733548797e-10,1.0315507550934991e-09,8.6775224766231807e-21,2.8919990772088842e-08,4.3595591029304085e-08,1.3213652976013933e-10,9.3466053051055233e-11,2.6577114108389645e-25,8.8850913974828174e-09,1.5471038175779768e-11,5.013148299155152e-23,1.6958591119059702e-10,2.7766092083917382e-12,1.5477082565431077e-09,4.598810227642945e-12,0.71005969127022261,0.0,7.3452460312879093e-12,2.600499615605583e-08,6.0428663224496077e-13,6.2782616117165088e-08
0.008958333333333332,0.40401241732207033,-3.3310551801039114e-124,326.23911677968795,101324.99999999997,1.0259293017497342,0.0058704289276385541,4.7770888965705515e-11,4.0882699375402363e-09,0.18744808770031587,6.4146467435205407e-08,0.0035374120002714662,6.5310042658354764e-06,3.2165687369567736e-06,4.8212314201878783e-31,2.7271125965401827e-22,5.3603649377515429e-13,3.017160767218466e-14,2.4860244175153343e-07,0.09270731519200312,0.00052552981109309509,9.8931147534993844e-05,5.0382006490337493e-12,1.6824832028287851e-05,1.24944689674592e-13,4.6582773932278153e-07,2.9228911359975377e-06,9.6946380798007673e-24,6.0529748419061601e-07,3.7670996349557379e-15,6.3628491401364903e-06,5.275107415401324e-10,6.9572971915389856e-06,2.2209960109572501e-14,1.5234122570393761e-07,8.853886427584871e-11,1.9202947904714769e-13,3.7768949285919816e-13,9.2877506153898761e-10,1.1934345168196547e-09,1.4746513959715824e-20,3.4317634038962813e-08,5.1770983514957424e-08,1.6161568549821447e-10,1.0922500984247291e-10,5.2898955434844023e-25,1.0888007239932232e-08,1.8989251086922841e-11,1.0300678822448382e-22,2.0725511534491999e-10,3.3933621664960659e-12,1.8914908855389195e-09,5.6216035465167318e-12,0.70976772426963941,0.0,1.0137978555128185e-11,3.3838013470592595e-08,8.9525899445818877e-13,7.9189758731932517e-08
0.0089687499999999993,0.40951574435249566,-6.8112876390946617e-124,330.56850749435552,101324.99999999997,1.0121422257223642,0.0061291293737572956,7.1694466446767751e-11,4.8080395845846838e-09,0.18713621681498652,7.8869806168789012e-08,0.0040707649080849867,7.6842965949418062e-06,3.7118350386935629e-06,1.5323880372696746e-30,5.8357801059817421e-22,7.6830035222197542e-13,4.3829135265888331e-14,2.9234535635130441e-07,0.092421708583524123,0.00061372388061269739,0.00012063585875169638,7.5261938924508126e-12,2.0439915074703662e-05,1.8670890867674536e-13,6.1532009631282304e-07,3.5775138046578555e-06,1.9739462478606557e-23,7.23534726683217e-07,5.9132001624284277e-15,7.5298491800083928e-06,7.4608232947200453e-10,8.6013234420636472e-06,3.5037656777037768e-14,1.9141143594857373e-07,1.1124471368702607e-10,2.2008782358917372e-13,5.4140682629434863e-13,1.0248721746657281e-09,1.3790781697496338e-09,2.5738869906140131e-20,4.075757960046007e-08,6.1319359590928975e-08,1.9740644680557062e-10,1.2751113397660945e-10,1.0859535107832067e-24,1.3321413852334245e-08,2.3270168181365842e-11,2.1438550548732234e-22,2.529536897917018e-10,4.1415790974060861e-12,2.3085517739193886e-09,6.8630749004283509e-12,0.70945410420888677,0.0,1.4060912328227488e-11,4.3951310739117125e-08,1.3442947786262427e-12,9.9720733464966012e-08
0.0089739583333333338,0.41256418018778507,-8.7222849752177382e-124,332.96848771343684,101324.99999999996,1.0046634546797035,0.0062623659103267226,8.8608223947203763e-11,5.231428653897723e-09,0.18696335329562008,8.7542490670729665e-08,0.0043662036406899923,8.3389674574096083e-06,3.9845376064286901e-06,2.7938275359359925e-30,8.6506642376730441e-22,9.2363467154970814e-13,5.3064492916397931e-14,3.1809994615837265e-07,0.092264608447251095,0.00066325041017695457,0.00013323349128416674,9.2086309745132126e-12,2.2526909757065411e-05,2.2846427766159333e-13,7.0746114611718784e-07,3.9581446042709589e-06,2.8603322715066175e-23,7.9109103789140808e-07,7.443041926171845e-15,8.1914754180829599e-06,8.8930281937879353e-10,9.5658631603790883e-06,4.4153806460501418e-14,2.1461337943688939e-07,1.2472830180865305e-10,2.358253588359886e-13,6.5010210143022701e-13,1.0765200969835132e-09,1.4822976234088991e-09,3.4526525276682099e-20,4.4460213554584096e-08,6.6691750645690958e-08,2.1820805157409541e-10,1.3777351501901802e-10,1.5790889784083784e-24,1.4736147990441587e-08,2.5761920271210386e-11,3.1302686465945182e-22,2.7949765118347082e-10,4.5761800805862904e-12,2.5508007098525211e-09,7.5846059310366591e-12,0.70928800000742398,0.0,1.6639633004726227e-11,5.0119028604425297e-08,1.6645685123904834e-12,1.1193733848376192e-07
0.0089791666666666665,0.41582884373404905,-1.0705076307870886e-123,335.54001275014605,101324.99999999999,0.9967757583112885,0.006397899264712785,1.0985557941047935e-10,5.7030347577004346e-09,0.18677840657520406,9.719861165150369e-08,0.004681891196281397,9.0506100232247253e-06,4.2746646334257423e-06,5.1342508349568548e-30,1.2893612675061992e-21,1.1126164794051143e-12,6.44054283143159e-14,3.4685429871979175e-07,0.092097466927813759,0.00071668599642031822,0.00014713888645448124,1.1269350986849746e-11,2.4821778209113796e-05,2.7958837116816386e-13,8.132102402577754e-07,4.3787612523435201e-06,4.1869124145392498e-23,8.6484927654806842e-07,9.3931437633673683e-15,8.9099770098555534e-06,1.0605549087594156e-09,1.0638565335644508e-05,5.569402787583031e-14,2.4063494964397809e-07,1.3985020630882878e-10,2.5279848043386927e-13,7.8042949854649165e-13,1.130594369095892e-09,1.5928828121441987e-09,4.6666846837898724e-20,4.852136255171152e-08,7.2493281916141108e-08,2.4119097412237613e-10,1.4884099767712126e-10,2.3179463200023439e-24,1.6299363837117969e-08,2.8517432200597011e-11,4.5899771258404529e-22,3.0881273134775117e-10,5.0561523236469847e-12,2.8183394799392479e-09,8.3818019800780683e-12,0.70911574057838589,0.0,1.9741988882666022e-11,5.7167550028281995e-08,2.0722069518239857e-12,1.2565777795931088e-07
0.0089843749999999993,0.41932250802234061,-1.2982534227609856e-123,338.29317884691443,101324.99999999999,0.9884707949843932,0.0065357060519904975,1.3673160960583847e-10,6.2294303832419401e-09,0.18658061260908912,1.0795711042934413e-07,0.0050188862470893448,9.8237919277574684e-06,4.5827931850668662e-06,9.5306602177940479e-30,1.9341441730651449e-21,1.3432228020356194e-12,7.8373509492831123e-14,3.7903871597643601e-07,0.091919748836059648,0.00077429225403882523,0.00016247199246381588,1.3793498694465235e-11,2.7342057232321699e-05,3.4218141719766615e-13,9.3436442566900708e-07,4.843014485024968e-06,6.1926025035745266e-23,9.4530017423093641e-07,1.1886409594139211e-14,9.6895130560816447e-06,1.2651907554090201e-09,1.1830270271447699e-05,7.0331154301246071e-14,2.6978366524656222e-07,1.5678903247454896e-10,2.7111536200626931e-13,9.3657397623120562e-13,1.1871737773629352e-09,1.7112479765081168e-09,6.3611158366440972e-20,5.2975710699172716e-08,7.8746780851495361e-08,2.6655775209590043e-10,1.6076668851460023e-10,3.4357544005909959e-24,1.8024655516307706e-08,3.1561072819497879e-11,6.765956789106671e-22,3.4115494626958887e-10,5.5856875746704626e-12,3.1135044660192399e-09,9.2617452302857478e-12,0.70893716345857694,0.0,2.3477845308759916e-11,6.5212492274647707e-08,2.5948514450385756e-12,1.410489274432033e-07
0.0089895833333333321,0.42305831779936087,-1.5314026551333096e-123,341.23838039726184,101325.0,0.9797419248508993,0.0066757577946733896,1.7091292626546028e-10,6.8182170650894767e-09,0.18636917822322077,1.1995292049745228e-07,0.0053782607338897807,1.0663376848581779e-05,4.9094422194445897e-06,1.7885685706931116e-29,2.9214519293529279e-21,1.6253922344510836e-12,9.5629862693320072e-14,4.1515288769924211e-07,0.091730906665089665,0.00083634185568048978,0.00017936118735003152,1.6885292089406332e-11,3.0106251746723551e-05,4.188105991906172e-13,1.0729161111726571e-06,5.3547957595371776e-06,9.2560703788897294e-23,1.0329614807836837e-06,1.5083278271514271e-14,1.0534441246619005e-05,1.509586353170378e-09,1.3152683197302482e-05,8.8913955694711036e-14,3.0239423042170852e-07,1.7573915351854996e-10,2.9089612297867021e-13,1.1234892059867991e-12,1.2463360092035476e-09,1.8378161864790279e-09,8.7480898110907373e-20,5.786122119355342e-08,8.5474370462346284e-08,2.9452543700214311e-10,1.7360581573059702e-10,5.1429126786180896e-24,1.9926535229654221e-08,3.4918872920149654e-11,1.0030417708294867e-21,3.7679853012699967e-10,6.1692758754342442e-12,3.4387982896164531e-09,1.0232042139194948e-11,0.70875211708842278,0.0,2.7981074577262107e-11,7.4382581040493483e-08,3.2702394888381126e-12,1.5829286569285793e-07
0.0089947916666666648,0.42704978563064439,-1.7751512545928319e-123,344.38627928862667,101324.99999999999,0.9705844284150519,0.0068180208242257971,2.1461051293262624e-10,7.4782022572042352e-09,0.18614328255133852,1.3333927362184517e-07,0.0057610947720398613,1.1574532048687703e-05,5.2550606791491414e-06,3.3954256406159186e-29,4.4448942577792901e-21,1.9716168916987755e-12,1.1701515817267874e-13,4.5577747291034073e-07,0.091530382261036061,0.00090311818426439753,0.00019794348877140636,2.0672445158834708e-11,3.3133810841935556e-05,5.1261918223148799e-13,1.2310646329025157e-06,5.918238321281801e-06,1.3983300265661536e-22,1.1283778280453104e-06,1.9194233079874729e-14,1.1449313291062533e-05,1.8013383959797463e-09,1.4618408278072601e-05,1.1252525539573293e-13,3.388298851243342e-07,1.9691148720462125e-10,3.122746269025575e-13,1.3470268430731818e-12,1.3081572760821331e-09,1.9730177402620257e-09,1.2141558773827878e-19,6.3219416743960001e-08,9.2697077004151865e-08,3.2532599108889702e-10,1.8741563751853455e-10,7.7748914712517953e-24,2.2020446084318875e-08,3.8618547822232495e-11,1.4959271544377791e-21,4.160364200846345e-10,6.8117135016624455e-12,3.7968942312761194e-09,1.1300841735574497e-11,0.70856046300310349,0.0,3.3414954206942328e-11,8.482074769444757e-08,4.1505501102170942e-12,1.7758770900381196e-07
0.0089999999999999993,0.43131071270388882,-2.0210375116785431e-123,347.74776897226354,101324.99999999997,0.9609957168152538,0.0069624562300838778,2.7077153944783566e-10,8.2196088113780823e-09,0.1859020787833042,1.4829034180644988e-07,0.0061684711420520975,1.2562734288982849e-05,5.6200152073734714e-06,6.5245080722512128e-29,6.814398444971581e-21,2.3976491049467584e-12,1.436014814134818e-13,5.0158760801236661e-07,0.091317608656263871,0.00097491488475576703,0.00021836471664745833,2.5311509684365324e-11,3.6445090874440183e-05,6.2745756252733638e-13,1.4112263736381872e-06,6.5377157277954115e-06,2.1352979842062428e-22,1.2321203735367435e-06,2.4496189048103411e-14,1.2438868461816667e-05,2.1494999030718159e-09,1.6240978898023649e-05,1.4254890308305777e-13,3.7948366555872036e-07,2.2053421822600886e-10,3.3540062357320757e-13,1.6140844864260987e-12,1.3727119369832356e-09,2.117288394397122e-09,1.7010891044649092e-19,6.9095676866136705e-08,1.0043438771279273e-07,3.5920660679471203e-10,2.0225532799772528e-10,1.1871043499832239e-23,2.4322768006132096e-08,4.2689506367417559e-11,2.2450573027442955e-21,4.5918064293482597e-10,7.5181092970250071e-12,4.1906397533641521e-09,1.2476851878895768e-11,0.70836207808831009,0.0,3.9978788258727444e-11,9.6685252682683895e-08,5.3088865357789138e-12,1.9914841019503234e-07
0.0090052083333333338,0.43585517609481172,-2.0235442278139083e-123,351.33393326931338,101324.99999999999,0.9509755279262008,0.0071090198484997482,3.4336043515211434e-10,9.054323303562298e-09,0.18564469624500987,1.6500426425333423e-07,0.0066014693633779202,1.3633773619472158e-05,6.0045776296625544e-06,1.2698440173011395e-28,1.0530720241220085e-20,2.923406943465527e-12,1.7675992807207764e-13,5.5336864569544374e-07,0.091092012105880735,0.0010520353039799588,0.00024077959986074787,3.0994446419114259e-11,4.0061304162334962e-05,7.6804478570237796e-13,1.6160428170003234e-06,7.2178373931081654e-06,3.2960020417146482e-22,1.3447861976220147e-06,3.1354449080985812e-14,1.3508025046998784e-05,2.5648623923715271e-09,1.8034883242652716e-05,1.8075453018704063e-13,4.2477954494672307e-07,2.4685344842706276e-10,3.6044230391627827e-13,1.9327742849085038e-12,1.4400721198444136e-09,2.2710674191879888e-09,2.4064826823513784e-19,7.5539550670619591e-08,1.0870375698431239e-07,3.9642993359688709e-10,2.181858382219128e-10,1.8305559805511185e-23,2.6850815719339915e-08,4.7162844039022803e-11,3.391600585656101e-21,5.0656258462680371e-10,8.2938890906768818e-12,4.6230589532229066e-09,1.3769353001553902e-11,0.70815685687223839,0.0,4.7916021979908958e-11,1.1015082308644305e-07,6.8490493113507539e-12,2.2320750678383405e-07
0.0090104166666666666,0.44069743240884074,-2.0260331417552412e-123,355.15600007650255,101325.0,0.9405261019518845,0.0072576623081639213,4.3776042749284338e-10,9.9961909536325747e-09,0.18537024277269484,1.837066231880492e-07,0.0070611594893709015,1.4793754827107701e-05,6.4089124839448121e-06,2.5051449913144751e-28,1.6410991288414804e-20,3.574143972725489e-12,2.1824891008738432e-13,6.1203448725552208e-07,0.090853014248304109,0.0011347918310891066,0.00026535182511829426,3.7956718208169368e-11,4.4004453028093881e-05,9.4016805286370827e-13,1.8483858779085947e-06,7.9634409053516706e-06,5.1426505011095722e-22,1.4669974637960499e-06,4.0252196152699655e-14,1.4661869850397824e-05,3.060294068836389e-09,2.0015584711469896e-05,2.2940604289044844e-13,4.7517343759895729e-07,2.7613376430625549e-10,3.8758935890541693e-13,2.3126142818602812e-12,1.5103073575335151e-09,2.4347955227191075e-09,3.4384678179163808e-19,8.2605085187094498e-08,1.1752006281001363e-07,4.3727420845151305e-10,2.3526973468581929e-10,2.8506483097958462e-23,2.9622828595482275e-08,5.2071319224284459e-11,5.1593899076046325e-21,5.5853313823152214e-10,9.1447981256929319e-12,5.0973539059557761e-09,1.5188209246262959e-11,0.70794471380556101,0.0,5.7524178322617403e-11,1.2540979449619566e-07,8.9203891438770153e-12,2.500158095537741e-07
0.0090156249999999993,0.44585189638102191,-2.0284909970624571e-123,359.22529025270904,101324.99999999997,0.9296523301543902,0.0074083291208862281,5.6135690818561738e-10,1.1061366205294164e-08,0.18507780739565516,2.0465444082772984e-07,0.0075485956381090118,1.6049095916167971e-05,6.8330647789253079e-06,5.0140714346680882e-28,2.5802914027049329e-20,4.3819654284016437e-12,2.7032982304877799e-13,6.7864890642434266e-07,0.090600034427096465,0.0012235051292196467,0.00029225401987755781,4.6487267266008249e-11,4.829724800340245e-05,1.1509296050061964e-12,2.1113596934424392e-06,8.7795806586931623e-06,8.1100126843332131e-22,1.5994003210071444e-06,5.1830191467381377e-14,1.5905645576587798e-05,3.6511452536513554e-09,2.2199536167421776e-05,2.9140066623743731e-13,5.3115403665585022e-07,3.0865870369201271e-10,4.1705664526160277e-13,2.764744538950298e-12,1.5834842352459482e-09,2.6089126429785521e-09,4.9638354388347731e-19,9.0351166912766773e-08,1.2689501370467532e-07,4.820332756899332e-10,2.5357101309347422e-10,4.4824210220776632e-23,3.2657951521522859e-08,5.7449310270546915e-11,7.9066913554157987e-21,6.1546271275729587e-10,1.0076901210787374e-11,5.6169047362328436e-09,1.6743876553133007e-11,0.70772558549637776,0.0,6.9167009399739585e-11,1.4267324206462737e-07,1.1740491493358616e-11,2.7984301579690842e-07
0.0090208333333333321,0.45133302943231796,-2.0308910012720437e-123,363.55316214435925,101324.99999999996,0.9183618704023748,0.0075609608351670183,7.2439627799098475e-10,1.2268730193645291e-08,0.18476646326543497,2.2814079217146736e-07,0.0080648094386397244,1.7406523253985214e-05,7.2769483138323217e-06,1.0192907791994199e-27,4.0955079078344121e-20,5.3878004548780751e-12,3.3591902114198311e-13,7.5445033650549644e-07,0.090332492078354518,0.0013185032786782148,0.00032166767046734005,5.6940832573361703e-11,5.2963010575345789e-05,1.4090530081876216e-12,2.408298031438985e-06,9.671512594778609e-06,1.2924923468242796e-21,1.7426635730466154e-06,6.6940326773569191e-14,1.724473636499044e-05,4.3557346236753187e-09,2.4604187737271293e-05,3.7044716348533138e-13,5.932434749631053e-07,3.4473111430327142e-10,4.490885924033224e-13,3.3021701919765795e-12,1.6596660686238862e-09,2.7938556665682589e-09,7.2428703133556752e-19,9.8841876138357544e-08,1.3683651059177943e-07,5.3101649752584407e-10,2.7315489117195451e-10,7.1154994167425958e-23,3.597620703347872e-08,6.3332752621927119e-11,1.2212895293859254e-20,6.7774110470357077e-10,1.1096580626567705e-11,6.1852684361581151e-09,1.8447407785172692e-11,0.70749943283893213,0.0,8.3289336984676404e-11,1.6217208956950423e-07,1.5629878325900508e-11,3.1297824135962548e-07
0.0090260416666666649,0.45715531085540123,-2.0331441359238705e-123,368.15095233917941,101324.99999999997,0.9066652237591608,0.0077154932361863477,9.4126316533252562e-10,1.3640388247198138e-08,0.18443527083992839,2.5450014220680965e-07,0.0086108034166370011,1.8873062389455419e-05,7.7403347518573919e-06,2.1072617417260762e-27,6.5666114097733448e-20,6.6439779557278523e-12,4.1878818924000091e-13,8.4088063248171856e-07,0.090049809217707097,0.0014201208243739525,0.00035378296877648072,6.9753178247833952e-11,5.8025559669157448e-05,1.7252642343417873e-12,2.7427562871004828e-06,1.0644674582545248e-05,2.0812043401257895e-21,1.897477101097404e-06,8.6718025460173064e-14,1.8684651357646537e-05,5.1959321932668281e-09,2.7247987221520554e-05,4.7129424774141225e-13,6.6199778366902884e-07,3.8467338787807755e-10,4.8396450385639514e-13,3.940033422822336e-12,1.7389126083122598e-09,2.9900560773267804e-09,1.0686770154352706e-18,1.0814685059475805e-07,1.4734796615668356e-07,5.8454854341459653e-10,2.9408757839434817e-10,1.1400128473241816e-22,3.9598458140908605e-08,6.975905342192458e-11,1.9025571854001383e-20,7.4577721781914049e-10,1.2210531548733214e-11,6.8061762962602311e-09,2.0310454543264189e-11,0.70726624300344187,0.0,1.0043514367009972e-10,1.8415817905082744e-07,2.1064994243207143e-11,3.497304573043614e-07
0.0090312499999999993,0.46333311521668513,-2.0353071020722737e-123,373.02991341074505,101325.0,0.8945757669785686,0.007871857610249184,1.2323918813393258e-09,1.5202263619036841e-08,0.18408328123660661,2.8411454814119595e-07,0.0091875445308507199,2.0456023689226123e-05,8.22284379739283e-06,4.4370891316351511e-27,1.0643858350151755e-19,8.2176072092915536e-12,5.2382962401915725e-13,9.3961840872043703e-07,0.089751412918564255,0.0015286977556373505,0.0003887985925316039,8.5459956554006537e-11,6.3509082986757146e-05,2.112767639152582e-12,3.1184970297557224e-06,1.1704662284920797e-05,3.3850182454175327e-21,2.0645500815332684e-06,1.1268035945759404e-13,2.0231006694159051e-05,6.1978580624183853e-09,3.0150373092607936e-05,6.0002333779450973e-13,7.3800714940882507e-07,4.288275682790943e-10,5.2200495122938429e-13,4.6959164136291831e-12,1.8212797921710646e-09,3.1979376059436272e-09,1.5953427273461818e-18,1.1834165729885992e-07,1.5842758915214563e-07,6.4296906589722986e-10,3.1643602746346646e-10,1.8428318386279214e-22,4.3546362641359571e-08,7.6766982740821858e-11,2.9913131068212216e-20,8.1999864119552518e-10,1.3425755154433494e-11,7.4835300415535257e-09,2.2345266016519252e-11,0.70702603121776519,0.0,1.2126958509297991e-10,2.0890528982085671e-07,2.8758688477001078e-11,3.904288304255335e-07
0.0090364583333333338,0.46988067858721366,-2.0373163640353252e-123,378.20114953655252,101325.0,0.8821097369337106,0.0080299810521642454,1.6271323339914676e-09,1.6984806333439775e-08,0.18370953976110774,3.1742088661565105e-07,0.0097959578820341689,2.2162980928737989e-05,8.7239346475691049e-06,9.5310576812429681e-27,1.7455784137337054e-19,1.0195039088756349e-11,6.5740911188645263e-13,1.0526175927809686e-06,0.089436737814481831,0.0016445784129301953,0.00042692141455834878,1.0472011669566787e-10,6.9437992835366986e-05,2.5878431658625233e-12,3.539467842470582e-06,1.2857200029751485e-05,5.5592600376761577e-21,2.2446089926585945e-06,1.4685934575230939e-13,2.1889505858000514e-05,7.39271886270193e-09,3.3331759246819735e-05,7.6442379205748533e-13,8.218959536384144e-07,4.7755532116114857e-10,5.6357948863347999e-13,5.590177024657396e-12,1.9068195391185715e-09,3.417913884332175e-09,2.4108864420646874e-18,1.2950816766088011e-07,1.7006763882340231e-07,7.066322545605822e-10,3.4026766498273963e-10,3.0044536484421318e-22,4.7842318692011023e-08,8.4396537774429067e-11,4.7504126519873504e-20,9.0085107548924122e-10,1.4749549244897111e-11,8.2213965786447761e-09,2.4564684697505013e-11,0.70677884231532151,0.0,1.4660570700422827e-10,2.3671008828719511e-07,3.9781427453107477e-11,4.3542295680658135e-07
0.0090416666666666666,0.47681197043261858,-2.0392136805154514e-123,383.67555100605153,101324.99999999999,0.8692861642607168,0.0081897868332131071,2.1680345457629768e-09,1.9023840146362195e-08,0.18331308950650652,3.5491930548143042e-07,0.010436920820990006,2.4001740815204729e-05,9.2428990467647261e-06,2.0919619363222143e-26,2.8988343763422542e-19,1.2687790308948808e-11,8.2783789595827278e-13,1.1821519358249139e-06,0.089105228510892434,0.0017681103563395291,0.00046836615034174405,1.2834501809230455e-10,7.583676831890692e-05,3.1705999584692105e-12,4.0097702132490755e-06,1.4108106582004059e-05,9.215189153938561e-21,2.4383954688802742e-06,1.9198352074528873e-13,2.3665918879260077e-05,8.8178074861191564e-09,3.6813511796592019e-05,9.7447395318648132e-13,9.1432261183907184e-07,5.3123777153358511e-10,6.0911597796167003e-13,6.6463189832491852e-12,1.9955796067020536e-09,3.6503861833970891e-09,3.6901513394734938e-18,1.4173493360294821e-07,1.8225366031932909e-07,7.7590628301027851e-10,3.6565010634150929e-10,4.9380374312435767e-22,5.2509403029081457e-08,9.2688777792360241e-11,7.625898548833389e-20,9.887976266516396e-10,1.6189496701526547e-11,9.0240015292215456e-09,2.698213966837624e-11,0.70652475197901865,0.0,1.7743678936781761e-10,2.6789299879889947e-07,5.574176774048785e-11,4.8508299466053901e-07
0.0090468749999999994,0.48414065851686616,-2.0404588002177307e-123,389.46372871307881,101324.99999999999,0.8561267551726144,0.0083511948036587014,2.917205159688636e-09,2.1361574127737951e-08,0.18289297503285029,3.9718311752761946e-07,0.011111257460324302,2.5980299862560508e-05,9.7788560618879457e-06,4.6984913367985618e-26,4.878364588854701e-19,1.5840462330833841e-11,1.046007629433121e-12,1.3308662490359531e-06,0.088756341941412742,0.0018996431910893541,0.00051335494145674356,1.5733470738074971e-10,8.2729783943120299e-05,3.8859335836178235e-12,4.5336179871516369e-06,1.5463255312210535e-05,1.5410510770793895e-20,2.6466640022526717e-06,2.5172595564375943e-13,2.5566060335535253e-05,1.0517694621544768e-08,4.0617917189275634e-05,1.2429579323071738e-12,1.0159792107943874e-06,5.9027520266343148e-10,6.591118603306655e-13,7.8913978461256739e-12,2.0876035042355771e-09,3.8957412338200974e-09,5.7230547477627128e-18,1.551175575420539e-07,1.9496370952342483e-07,8.5117264424573894e-10,3.9265085061814845e-10,8.1777124814653044e-22,5.7571301945234916e-08,1.016856232353707e-10,1.2383664044864483e-19,1.0843179618063261e-09,1.7753451686975633e-11,9.8957214984106307e-09,2.9611637595148195e-11,0.70626386766951355,0.0,2.1497537591886944e-10,3.02798977034762e-07,7.9051262082774819e-11,5.3979969051257737e-07
0.0090520833333333321,0.4918799870345516,-2.0416009584355727e-123,395.57594976106947,101324.99999999999,0.842655722136673,0.0085141218440492744,3.9656255383479033e-09,2.4047810468321979e-08,0.1824482460172332,4.4487038733869085e-07,0.011819733803779162,2.8106784450516163e-05,1.0330748850239488e-05,1.0808897343880776e-25,8.3238255313750482e-19,1.9841397114642362e-11,1.326249826003359e-12,1.5018352314604255e-06,0.088389549556700989,0.0020395273883076523,0.00056211688782276733,1.9292320633619499e-10,9.0141127097918673e-05,4.7647512007792059e-12,5.1152839362092224e-06,1.6928528673194921e-05,2.5985067181496297e-20,2.870179561042089e-06,3.3104396983349189e-13,2.7595766710209087e-05,1.2545643951940462e-08,4.4768142189700283e-05,1.5862566328671791e-12,1.1275909837753903e-06,6.5508663180802775e-10,7.141477921346779e-13,9.356463980981922e-12,2.1829304824131101e-09,4.1543492067317968e-09,8.9946826716245975e-18,1.6975905163325917e-07,2.0816758221142128e-07,9.3282539562987119e-10,4.2133695864197552e-10,1.3638089491328931e-21,6.3052236902445323e-08,1.1142961251319525e-10,2.03527628633205e-19,1.1879073547814115e-09,1.9449524039707811e-11,1.0841075324673264e-08,3.2467752638060868e-11,0.70599632917988486,0.0,2.6070020789625713e-10,3.4179817837481633e-07,1.1330685646752062e-10,5.9998431259810397e-07
0.0090572916666666649,0.50004272264301985,-2.0425959255937973e-123,402.02207544987948,101325.0,0.8288995657063182,0.0086784823454882157,5.4465966099376382e-09,2.7141384283580974e-08,0.1819779608705292,4.9873745895831637e-07,0.012563053503488426,3.0389367966227875e-05,1.0897343498316001e-05,2.5476195720257073e-25,1.4402925873081053e-18,2.493710106177707e-11,1.6875058277542067e-12,1.6986307592449782e-06,0.088004339372124069,0.0021881131022129076,0.00061488753057620921,2.3663511922157625e-10,9.8094405163471458e-05,5.8455524854138373e-12,5.7590327811819804e-06,1.8509766514538628e-05,4.4153955176245956e-20,3.1097151396050784e-06,4.3664565758007233e-13,2.9760873134828815e-05,1.4965284462315757e-08,4.9288185290338662e-05,2.0253623295151737e-12,1.2499156492056185e-06,7.2610926709601262e-10,7.7490412882675766e-13,1.1077043115715882e-11,2.2815955938888652e-09,4.4265618583560353e-09,1.4321993019865524e-17,1.8577017605353331e-07,2.2182606126964076e-07,1.0212703161372133e-09,4.517747076445826e-10,2.2890407040584867e-21,6.897688543764578e-08,1.2196360378172159e-10,3.3859682337513195e-19,1.3000756254869099e-09,2.1286061926788405e-11,1.186471434225171e-08,3.5565616101333143e-11,0.70572230880625608,0.0,3.1641242478035299e-10,3.8528650552050641e-07,1.6383251765176809e-10,6.6606849418949072e-07
0.0090624999999999994,0.5086410746339356,-2.0434882395037758e-123,408.81150260537549,101324.99999999997,0.8148868121896403,0.0088441887153002975,7.5547717584240401e-09,3.071187634851713e-08,0.18148119025794016,5.5965465988336068e-07,0.013341854356274392,3.283615787900644e-05,1.1477230086045371e-05,6.1477669279135981e-25,2.5266202363608644e-18,3.1451860731088934e-11,2.1549270621297695e-12,1.9253985451003179e-06,0.087600217809557623,0.0023457490092797131,0.00067190829664816863,2.903564338126433e-10,0.00010661254440065188,7.1764868072046446e-12,6.4690390324868215e-06,2.0212707995696584e-05,7.5557593430683023e-20,3.3660492938524404e-06,5.7763200129664769e-13,3.2067189883702061e-05,1.7852573864141283e-08,5.4202819844213182e-05,2.5871799016408842e-12,1.3837426718095152e-06,8.0379786555665808e-10,8.4218083344623988e-13,1.3093654691024754e-11,2.3836298348655577e-09,4.7127108815983476e-09,2.3085852302672192e-17,2.032697457863578e-07,2.3589020148628775e-07,1.1169239942850151e-09,4.8402921812788397e-10,3.8640860902237659e-21,7.5370299051207461e-08,1.3333040539844986e-10,5.7003309952876052e-19,1.4213459976047257e-09,2.3271633148484723e-11,1.2971411867746299e-08,3.8920907572648892e-11,0.70544201112086358,0.0,3.8430254184376754e-10,4.3368602670078641e-07,2.384304568668714e-10,7.3850400272823193e-07
0.0090677083333333339,0.51768662637449192,-2.0440410199302581e-123,415.95310940164944,101325.0,0.8006477129020607,0.009011151900218858,1.0572521934515113e-08,3.4841644090128039e-08,0.18095702048956963,6.2862435379039867e-07,0.014156705584006671,3.5455044257587733e-05,1.2068826062442593e-05,1.5162367088640232e-24,4.4900182944716421e-18,3.9814488576790406e-11,2.7620705580633498e-12,2.186945043223223e-06,0.0871767113208987,0.0025127811835401921,0.00073342591341409805,3.5642304695078276e-10,0.00011571758239598565,8.8180514489496499e-12,7.2492879807519427e-06,2.204292674588466e-05,1.3012316369602633e-19,3.63996370112756e-06,7.6638205265227303e-13,3.4520478823787106e-05,2.1298084648230037e-08,5.9537528921040513e-05,3.3061950105964067e-12,1.5298925155502339e-06,8.8862401366991102e-10,9.1692147224473604e-13,1.5452367548811546e-11,2.4890603704877333e-09,5.0131064841841247e-09,3.7621446147461647e-17,2.2238489074437421e-07,2.5030067450164088e-07,1.2202128607875109e-09,5.1816404266790543e-10,6.5558969269360013e-21,8.2257819485759287e-08,1.4557231145076754e-10,9.7034237417406809e-19,1.5522538940489505e-09,2.5415005401371782e-11,1.4166052069820401e-08,4.2549849685807337e-11,0.70515567233951137,0.0,4.6702982486340243e-10,4.8744525393313895e-07,3.4839950081514643e-10,8.1776244990298178e-07
0.0090729166666666666,0.52719027322982648,-2.0445255893405373e-123,423.45520656684215,101324.99999999999,0.7862139124959238,0.0091792819181233058,1.4905599505588298e-08,3.9628220225504536e-08,0.18040455675115374,7.0680139776890087e-07,0.015008105927997189,3.8253500667653035e-05,1.2670382013108169e-05,3.8113076835095568e-24,8.0725772714055778e-18,5.0594789865248675e-11,3.5539134245920898e-12,2.4888354014086279e-06,0.0867333677745276,0.0026895520230721566,0.00079969180298239341,4.3773129541049306e-10,0.00012543045601654551,1.0846654793533568e-11,8.1034582631703276e-06,2.4005758931247749e-05,2.253660459463046e-19,3.932240786029114e-06,1.019773965570417e-12,3.7126430025981319e-05,2.5409638048526873e-08,6.5318431904271002e-05,4.2266107280812885e-12,1.6892159794231727e-06,9.8107535911146895e-10,1.0002420467438501e-12,1.8205391760976268e-11,2.5979108475034742e-09,5.3280362092511356e-09,6.1867540439854685e-17,2.4325124971934468e-07,2.6498720183074752e-07,1.3315721822104971e-09,5.5424070221340499e-10,1.1171068403057496e-20,8.9664994911361295e-08,1.5873051090714248e-10,1.667980628301939e-18,1.6933456933138648e-09,2.7725125859543544e-11,1.5453618404235828e-08,4.6469209444490256e-11,0.70486355929201872,0.0,5.678157411272394e-10,5.470392717422256e-07,5.098820172242992e-10,9.0433496164951603e-07
0.0090781249999999994,0.53716216792422233,-2.0449183313319284e-123,431.32549472671201,101324.99999999997,0.7716180949047147,0.0093484883896838792,2.1130172222631364e-08,4.5187131709201475e-08,0.17982292615260739,7.9551586959948589e-07,0.01589648256337654,4.1238328782037173e-05,1.3279989892336394e-05,9.728855161018729e-24,1.465831071956206e-17,6.4553134081959652e-11,4.5909833316218888e-12,2.837503119756336e-06,0.086269757594840207,0.002876399240539825,0.00087096146570364206,5.3787559797377937e-10,0.00013577078686571975,1.3359345433691507e-11,9.0347846515409989e-06,2.610622389174737e-05,3.9224348494354704e-19,4.2436614515971774e-06,1.3608683161664056e-12,3.9890638706650556e-05,3.0315299787763488e-08,7.1572202738888867e-05,5.4050798330493298e-12,1.8625937291018921e-06,1.0816548294421449e-09,1.0934654854202595e-12,2.1411704521041189e-11,2.7102017971377311e-09,5.6577640066712498e-09,1.0243106919715878e-16,2.6601307308468325e-07,2.798681099055931e-07,1.4514450321683721e-09,5.9231815009872867e-10,1.9103320641459743e-20,9.7617497510064854e-08,1.7284433011071332e-10,2.8903509612041505e-18,1.845177471384285e-09,3.0211100449431874e-11,1.68391817959485e-08,5.0696310004061896e-11,0.70456596801343196,0.0,6.9055313289274308e-10,6.1296970643135365e-07,7.4559903247836144e-10,9.9873182951665538e-07
0.0090833333333333321,0.54761167406096078,-2.0452548902821096e-123,439.57102845008944,101325.0,0.756893616146599,0.009518681061478889,3.0053228628720242e-08,5.1655194177321236e-08,0.17921128057916233,8.9629765591752754e-07,0.016822190815773574,4.4415339865443969e-05,1.389559379261708e-05,2.5113597713470879e-23,2.68277852019634e-17,8.2707423830320277e-11,5.9549891936900964e-12,3.2403718553018084e-06,0.085785474652406019,0.0030736549282683119,0.00094749386222153071,6.6131918840525105e-10,0.00014675666624378779,1.6480105782963444e-11,1.0045900112539521e-05,2.8348937035431852e-05,6.8552171566853354e-19,4.5750029525504341e-06,1.8212240094555998e-12,4.2818582630504866e-05,3.6166733726789592e-08,7.8325979580520398e-05,6.914190539736851e-12,2.0509361603924477e-06,1.1908798815629338e-09,1.1981626672938301e-12,2.5137707009270957e-11,2.8259511308991867e-09,6.0025295557371765e-09,1.7030475894722601e-16,2.9082320288254578e-07,2.9485004787165057e-07,1.5802812564266404e-09,6.3245213847666692e-10,3.2759720843683115e-20,1.0614104388516617e-07,1.8795025957886273e-10,5.0388478683373063e-18,2.0083137553896649e-09,3.2882173206103948e-11,1.8327888743274473e-08,5.5249057992573646e-11,0.70426322198379432,0.0,8.3993258564073788e-10,6.85764524945696e-07,1.0870233452186964e-09,1.1014821668444093e-06
0.0090885416666666649,0.55854732827343812,-2.0452745011992547e-123,448.19818735415134,101325.0,0.7420741335017225,0.0096897703126007685,4.2788065635218896e-08,5.9194339243343585e-08,0.17856879933567268,1.0109021300704734e-06,0.017785514640347094,4.7788969891426121e-05,1.4515003326221401e-05,6.5265843648696419e-23,4.9381873496551282e-17,1.0642272654261834e-10,7.7564334859671429e-12,3.7059895089541363e-06,0.085280136909531401,0.0032816447056678204,0.0010295508028130931,8.1360480492734166e-10,0.0001584044416058975,2.036822878774895e-11,1.1138656837605869e-05,3.0738014737308294e-05,1.2020994588615573e-18,4.9270369439076376e-06,2.4440729330849612e-12,4.5915600069455873e-05,4.3142884676055999e-08,8.5607265378830966e-05,8.8468989509196298e-12,2.2551837526039802e-06,1.309281834847652e-09,1.3162008589537589e-12,2.9457908018784414e-11,2.9451747320870812e-09,6.3625478323996855e-09,2.8358958319328924e-16,3.178428923625507e-07,3.0982791587299898e-07,1.7185364475791044e-09,6.746944568764169e-10,5.6292101770199166e-20,1.1526131960725824e-07,2.0408070874536092e-10,8.8185427873402734e-18,2.1833263166642142e-09,3.5747706108560495e-11,1.992494950508052e-08,6.0145992854661575e-11,0.70395567005321169,0.0,1.0215870837654891e-09,7.6597765031856219e-07,1.5770203635292171e-09,1.213133594580535e-06
0.0090937499999999994,0.56997681121533383,-2.0452909375056879e-123,457.21265441674433,101325.0,0.7271932404053539,0.0098616676374242238,6.0846037247512255e-08,6.7996034833816083e-08,0.17789469157852192,1.1413357101957899e-06,0.018786667803319664,5.1361830544512808e-05,1.5135909689453446e-05,1.7001093185208478e-22,9.1215689298563784e-17,1.3752977230576273e-10,1.0144787038913375e-11,4.2441743520084526e-06,0.084753386832663535,0.0035006869540090435,0.0011173963519235987,1.0016130588635051e-09,0.00017072850647516892,2.5229439154494403e-11,1.2313926886483842e-05,3.3276971098774166e-05,2.1132982046250029e-18,5.300527734630436e-06,3.2886487903803053e-12,4.9186868381253474e-05,5.1453929694053668e-08,9.3443818653958703e-05,1.1322142028415155e-11,2.4763080888240877e-06,1.4374053509675553e-09,1.4498004001631082e-12,3.4455628938590422e-11,3.067887146091669e-09,6.7380089072870874e-09,4.7172870798862568e-16,3.4724142098571971e-07,3.2468505789742568e-07,1.8666709438248428e-09,7.1909200911158735e-10,9.684651034559492e-20,1.2500390905650034e-07,2.2126242812968682e-10,1.5459691682432631e-17,2.3707930325063493e-09,3.8817159802682776e-11,2.1635626511033594e-08,6.5406366289813319e-11,0.70364368409655964,0.0,1.2422553787248644e-09,8.5418837748663895e-07,2.2729546578926583e-09,1.3342519822357513e-06
0.0090989583333333339,0.58190692734967886,-2.0453033636240248e-123,466.61940143915785,101324.99999999999,0.7122841158120017,0.010034286098020777,8.6244985264896704e-08,7.8286364099848919e-08,0.17718819853111961,1.289879603045391e-06,0.019825795689484459,5.5134205588134303e-05,1.5755904459850057e-05,4.4204867234937439e-22,1.687140105977579e-16,1.7847928048801933e-10,1.3321895830092312e-11,4.8661725181563476e-06,0.084204891588820566,0.0037310921407198269,0.0012112962547467501,1.233876998306972e-09,0.0001837410957022801,3.1330584708348761e-11,1.3571384384702371e-05,3.5968606598233102e-05,3.7215411723806815e-18,5.6962307721537492e-06,4.4360489149060653e-12,5.2637383250610925e-05,6.1345399529541761e-08,0.00010186353339839629,1.4491910287367878e-11,2.715313732595722e-06,1.5758081343895153e-09,1.6016003568948682e-12,4.0223723499697826e-11,3.1941023731819628e-09,7.1290779545234228e-09,7.8196247691376575e-16,3.7919545644582546e-07,3.3929377771215773e-07,2.0251488648587519e-09,7.6568569403289974e-10,1.6668575596774476e-19,1.3539423153561241e-07,2.3951453938557049e-10,2.7090948544739396e-17,2.5712968478710991e-09,4.2100075638241833e-11,2.3465223107894912e-08,7.1050261561715508e-11,0.70332765644807593,0.0,1.5099634395031894e-09,9.5100056877325799e-07,3.2502166934378903e-09,1.4654212693670462e-06
0.0091041666666666667,0.59434359325904695,-2.0453135562675266e-123,476.42268141544514,101324.99999999999,0.6973791958407901,0.010207540740620028,1.2163384179485161e-07,9.0331839109008061e-08,0.17644859547827399,1.4591095580477503e-06,0.020902977646366352,5.9103510519619363e-05,1.6372501129120363e-05,1.1429138187757777e-21,3.1182957670734754e-16,2.3253946831066576e-10,1.7559348825663431e-11,5.5848257497188459e-06,0.083634343047791715,0.003973162232656877,0.0013115173915024668,1.5209620988663338e-09,0.00019745208784390354,3.9018905738971732e-11,1.4909272894398116e-05,3.8814888921943234e-05,6.5593478425335633e-18,6.1148913800559145e-06,5.9971048795710998e-12,5.6271938627650821e-05,7.3102331555773321e-08,0.00011089430666632725,1.8550110005864616e-11,2.9732411531906801e-06,1.725060939056035e-09,1.774733664997876e-12,4.6865304600445669e-11,3.3238347683149256e-09,7.5358954460582588e-09,1.2889700463067056e-15,4.1388811369483007e-07,3.5351623752999843e-07,2.1944371961104454e-09,8.1450905896480142e-10,2.8677142176593666e-19,1.4645748441933891e-07,2.5884612162516875e-10,4.7358335160991811e-17,2.7854248705948451e-09,4.5606059476849963e-11,2.5419072722707113e-08,7.7098764176343476e-11,0.70300799717015505,0.0,1.8342217962338347e-09,1.0570416025123814e-06,4.6060704578795547e-09,1.6072433920144168e-06
0.0091093749999999994,0.60729183399763531,-2.0453171595400442e-123,486.62602740091364,101324.99999999999,0.6825098742879452,0.010381348971478865,1.7043187622086524e-07,1.0444604525050312e-07,0.17567519353218183,1.6519090504350645e-06,0.022018229767216329,6.3263742227232103e-05,1.6983159290081112e-05,2.9284521561853532e-21,5.74812141985412e-16,3.0404389004753629e-10,2.3220542954569947e-11,6.4147479159315211e-06,0.083041457614990641,0.004227190195314548,0.0014183272637927158,1.87592158317163e-09,0.00021186881622082981,4.8747085356437558e-11,1.6324163647527385e-05,4.1816826623583244e-05,1.1561194234039526e-17,6.5572437678079031e-06,8.1228463651691533e-12,6.0095107405853559e-05,8.7053277795195872e-08,0.00012056389200911833,2.3743601647809509e-11,3.2511708812366297e-06,1.8857479783820576e-09,1.9729120113513695e-12,5.4494469657804479e-11,3.4571000535195083e-09,7.9585775018980814e-09,2.1089739460019308e-15,4.5150766366440655e-07,3.6720579524730504e-07,2.3750049306177497e-09,8.6558670331204926e-10,4.9276249896554393e-19,1.5821859388192483e-07,2.7925331877107777e-10,8.2433446471083333e-17,3.013767636574932e-09,4.9344767777367912e-11,2.7502528487713587e-08,8.3574197035506665e-11,0.70268513121270371,0.0,2.2262343950484024e-09,1.1729610411456518e-06,6.463662237395296e-09,1.7603383366408131e-06
0.0091145833333333322,0.62075578683234334,-2.0453200543445306e-123,497.23225733780947,101324.99999999999,0.6677062371791475,0.010555630888481967,2.3698006031393405e-07,1.2099724549088044e-07,0.17486734115914376,1.8714730695449927e-06,0.023171508011022929,6.7604953402985763e-05,1.7585311268015325e-05,7.4141461585871406e-21,1.0548458275843205e-15,3.9869571641139033e-10,3.078810921755692e-11,7.3725086145319835e-06,0.082425975921406838,0.0044934595727672624,0.0015319935161457764,2.3148376935773759e-09,0.00022699588985131261,6.1105485665063908e-11,1.7810712764952515e-05,4.4974336736182964e-05,2.0359749219972875e-17,7.0240103286026379e-06,1.1018259219339973e-11,6.4111222904591266e-05,1.0357396385072347e-07,0.00013089973649452015,3.0385867374216777e-11,3.5502290502498193e-06,2.0584678468766909e-09,2.2005203521481479e-12,6.3237015416568281e-11,3.5939164495331889e-09,8.3972163632908496e-09,3.4199450723565583e-15,4.9224585258674938e-07,3.8020882599381091e-07,2.5673222758062696e-09,9.1893242467783424e-10,8.4497283302099706e-19,1.7070217351350852e-07,3.007159581668207e-10,1.4262267939831409e-16,3.2569185845534711e-09,5.3325896540925308e-11,2.9720953333523521e-08,9.050043453303634e-11,0.70235949551948262,0.0,2.6991116174293923e-09,1.2994289768099084e-06,8.9759689586364683e-09,1.9253443413142579e-06
0.0091197916666666649,0.63473871159101536,-2.0453221063623307e-123,508.24348419331926,101325.0,0.6529968350270069,0.010730309565714087,3.2670114536604958e-07,1.4041712483723413e-07,0.17402442545231483,2.1212997033252465e-06,0.024362711558192588,7.2112792552081218e-05,1.8176390815396199e-05,1.8500215304336996e-20,1.9238507140570988e-15,5.2393247159333175e-10,4.0897186162102339e-11,8.4768222445331485e-06,0.08178766239700927,0.0047722441413715171,0.0016527834946599023,2.8574605136443168e-09,0.00024283502485187528,7.6863176350379017e-11,1.9361428318308158e-05,4.8286108059913466e-05,3.5792303027084523e-17,7.5159012386663896e-06,1.4960157245403711e-11,6.8324361257617589e-05,1.2309038608683466e-07,0.00014192879862615462,3.8873841931547888e-11,3.8715944362732215e-06,2.2438350718417744e-09,2.4627205725072857e-12,7.3231133120056131e-11,3.7343059345072484e-09,8.8518809534741732e-09,5.4899463314414633e-15,5.3629580737980596e-07,3.923670563789343e-07,2.7718599304551949e-09,9.7454712125271179e-10,1.4447364272536285e-18,1.8393249090766093e-07,3.2319370508689838e-10,2.4487878525450538e-16,3.5154737836258734e-09,5.7559173805948418e-11,3.2079710518162281e-08,9.7903311048993931e-11,0.70203153613591684,0.0,3.2680762419744722e-09,1.4371340032080793e-06,1.2329408084405012e-08,2.1029182601436487e-06
0.0091249999999999994,0.64924300674191904,-2.0453237214633988e-123,519.66113069471828,101324.99999999999,0.6384084949467241,0.010905311289082807,4.4626435973188846e-07,1.632109283835322e-07,0.17314587313282093,2.4051670714744837e-06,0.025591686305225576,7.6768153488641428e-05,1.8753863281143014e-05,4.539870742215519e-20,3.4816978787710168e-15,6.8935195302342931e-10,5.4374721949445093e-11,9.7487414266195882e-06,0.08112630475225123,0.0050638076289177018,0.0017809638435890933,3.5279574660204568e-09,0.000259384885955042,9.7019558334901928e-11,2.0966461012727761e-05,5.174946257337506e-05,6.2758471768196849e-17,8.0336143690720304e-06,2.0320100944857495e-11,7.2738324853658995e-05,1.4608115576268424e-07,0.0001536773440795275,4.9708548321056245e-11,4.2165070476554036e-06,2.4424824222199365e-09,2.7655633834103457e-12,8.4628075517403156e-11,3.8782956386554015e-09,9.3226174889094045e-09,8.7160739714272416e-15,5.8384952369211697e-07,4.0352041497721886e-07,2.9890884352374978e-09,1.0324164918311193e-09,2.4610084382940288e-18,1.9793344208332421e-07,3.4662182005583948e-10,4.1662622127054723e-16,3.7900319600647033e-09,6.2054356530433964e-11,3.4584154522266986e-08,1.0581113982755642e-10,0.70170170536912724,0.0,3.9506462126553818e-09,1.5867807528217406e-06,1.6746787488216013e-08,2.2937361024177431e-06
0.0091302083333333339,0.66427023027944654,-2.0453239909454633e-123,531.48594790881464,101324.99999999999,0.6239661733438019,0.011080565741802897,6.0375017729499484e-07,1.8996934298641555e-07,0.17223115126021196,2.727093935277938e-06,0.026858228410145651,8.1546977437167495e-05,1.9315256437432074e-05,1.093631255274725e-19,6.2434108924461473e-15,9.0719555373602271e-10,7.2284544264365173e-11,1.1211854668851536e-05,0.080441713389149599,0.005368403490029732,0.0019168001398259147,4.3557891470124569e-09,0.00027664093640712408,1.2286857213621606e-10,2.261343521521228e-05,5.5360218250601021e-05,1.0965778492070714e-16,8.5778355187244899e-06,2.759339791588966e-11,7.7356627020724116e-05,1.7307896043581436e-07,0.00016617071581258349,6.3520329073105195e-11,4.5862782423387701e-06,2.6550641084528187e-09,3.1161071771556381e-12,9.7592788432695351e-11,4.0259193846068768e-09,9.8094501028101839e-09,1.3676868234791867e-14,6.3509496031195778e-07,4.135103709562684e-07,3.2194775984899688e-09,1.0925086073663626e-09,4.1730826600246315e-18,2.1272853340184349e-07,3.7090663428550084e-10,7.0143738961371532e-16,4.0811948732173215e-09,6.6821232889216401e-11,3.7239622207129539e-08,1.1425535827134272e-10,0.70137045904563777,0.0,4.7667720233808307e-09,1.7490869288000928e-06,2.2489250231658003e-08,2.4984937526592026e-06
0.0091354166666666667,0.6798211244777832,-2.0453241988430271e-123,543.71803690668958,101324.99999999997,0.6096928485841266,0.011256006139162172,8.0881036398684293e-07,2.2138259150390047e-07,0.17127976763403366,3.0912835335437327e-06,0.028162087811997201,8.6420245944094669e-05,1.9858190922472739e-05,2.5823111897074272e-19,1.1078937325173827e-14,1.1928796880840756e-09,9.5977368763277052e-11,1.2892489818260291e-05,0.07973372075903179,0.005686274728136217,0.0020605565645629765,5.3767312492899774e-09,0.00029459529259987129,1.5607765936565348e-10,2.4287339804754409e-05,5.9112557479570589e-05,1.9077184681519848e-16,9.1492389746610488e-06,3.743530360260965e-11,8.2182478181396776e-05,2.0467112339685531e-07,0.00017943307481283402,8.1099680032049778e-11,4.9823022651328874e-06,2.8822600121153512e-09,3.5225422743240122e-12,1.1230450158431932e-10,4.1772193838531404e-09,1.0312381442047363e-08,2.1201432000151816e-14,6.9021279526255672e-07,4.2218369601181637e-07,3.4634959973361495e-09,1.1547714634175267e-09,7.0382958243724679e-18,2.2834087045884293e-07,3.9592091108536202e-10,1.1672263858412301e-15,4.3895680927819711e-09,7.1869631251787529e-11,4.0051424105117069e-08,1.2327131529830518e-10,0.70103825390565999,0.0,5.7388992800095769e-09,1.9247797517450765e-06,2.9856871585455147e-08,2.7179078721253198e-06
0.0091406249999999994,0.69589564360147638,-2.0453243375422964e-123,556.35687277796103,101324.99999999997,0.5956094519343718,0.011431569312456867,1.0728184309783659e-06,2.5825734355593968e-07,0.17029127087150381,3.5020518443171276e-06,0.029502971661573098,9.135419394255366e-05,2.0380409066330073e-05,5.9694732425348966e-19,1.9432097824023172e-14,1.5655599826410262e-09,1.2714426142498002e-10,1.4819927132382648e-05,0.07900218067889217,0.006017653754212436,0.002212495610967544,6.6340686152224084e-09,0.00031323657734447263,1.9878382412289016e-10,2.5970500585493884e-05,6.2998906218061389e-05,3.3016330569748801e-16,9.7484884028966479e-06,5.0705607901550588e-11,8.7218773719456713e-05,2.4149940576045967e-07,0.00019348710752453162,1.0343500979995836e-10,5.4060690082967284e-06,3.1247810873564413e-09,3.9943188494226385e-12,1.2895727600554851e-10,4.3322480999615659e-09,1.0831393197990142e-08,3.245877207248075e-14,7.4937293272350562e-07,4.2939654558295924e-07,3.7216105529690342e-09,1.2191306583575929e-09,1.1797842231745329e-17,2.4479315327432111e-07,4.2149931598131408e-10,1.9177418646602529e-15,4.7157622313850441e-09,7.7209437393008077e-11,4.3024835693834016e-08,1.3289921571299279e-10,0.70070554516549466,0.0,6.8919185872134837e-09,2.1145917336912835e-06,3.9187597480741034e-08,2.9527169764432569e-06
0.0091458333333333322,0.71249298372003655,-2.0453244420909363e-123,569.4013303081864,101325.0,0.5817348341478326,0.011607195742305041,1.4090056471594487e-06,3.0153718613790029e-07,0.16926525015176969,3.963743479750941e-06,0.030880547615753401,9.6310760204029668e-05,2.0879800740889547e-05,1.349751127981554e-18,3.3655588561869541e-14,2.0487072064327412e-09,1.6787140640231571e-10,1.7026628688445015e-05,0.078246967612898566,0.0063627622726259471,0.0023728778264781661,8.1799966162899739e-09,0.00033254976282508285,2.5370933670260171e-10,2.7642657408409818e-05,6.7009829913826201e-05,5.6797412744886198e-16,1.0376238069629655e-05,6.8522853906539414e-11,9.2468083775172939e-05,2.8425941152092236e-07,0.00020835369586537833,1.3175910798349911e-10,5.8591777125497136e-06,3.3833760783366703e-09,4.5422768734720275e-12,1.4776050872585246e-10,4.491070289086789e-09,1.136644653140053e-08,4.9071010944608611e-14,8.1273088297954804e-07,4.3501871706505207e-07,3.9942861778047576e-09,1.2854873744306837e-09,1.9639730637073731e-17,2.6210767697395395e-07,4.4743427417223735e-10,3.1082168609746704e-15,5.060394686822378e-09,8.2850621824319466e-11,4.6165088498872917e-08,1.4318523573342995e-10,0.70037278427179461,0.0,8.2529555010750852e-09,2.3192556853073587e-06,5.0854275200241168e-08,3.203682678347422e-06
0.009151041666666665,0.72961161386140383,-2.0453244791335416e-123,582.84971070342328,101325.0,0.5680857643805637,0.011782829541712692,1.8325778475753957e-06,3.5232752316312107e-07,0.16820133462466783,4.4806406612155249e-06,0.032294446963368473,0.00010124827813798566,2.1354424844101467e-05,2.9831436415121969e-18,5.7511493365529696e-14,2.6706698869663684e-09,2.2069348276762761e-10,1.954849414615739e-05,0.077467975920612261,0.0067218111846863594,0.0025419615882994353,1.0077277661742467e-08,0.00035251599126648651,3.2429986735064932e-10,2.9281169218797828e-05,7.1133952960443533e-05,9.7046020125085252e-16,1.1033134388708269e-05,9.2329518876206469e-11,9.7932645114908023e-05,3.3370021353572145e-07,0.00022405154568763124,1.6760676315615689e-10,6.3433512502126054e-06,3.6588396986839454e-09,5.1787767112022897e-12,1.689393992467591e-10,4.6537652276464327e-09,1.1917482351065246e-08,7.3254052634519467e-14,8.8042416657546589e-07,4.3893790922020392e-07,4.281985491328062e-09,1.3537168639915355e-09,3.2445931033905651e-17,2.8030633704967811e-07,4.7347255003799458e-10,4.9660449954804601e-15,5.424091947391652e-09,8.8803279513595246e-11,4.9477360877393767e-08,1.5418282311967619e-10,0.70004041686365059,0.0,9.8509433075945505e-09,2.5394988578777675e-06,6.5259615209975004e-08,3.4715910791025578e-06
0.0091562499999999995,0.74724930784306487,-2.0453245045779757e-123,596.69976882968604,101325.0,0.5546769576551788,0.011958418389274566,2.3608084300689118e-06,4.1192586145987762e-07,0.16709919249088714,5.0568730219780089e-06,0.033744267565233445,0.00010612239476271317,2.1802525114975421e-05,6.4418839503428104e-18,9.6901528090443217e-14,3.4651979511411599e-09,2.8864269294193179e-10,2.2425156284931817e-05,0.07666511906966364,0.0070950005007537594,0.0027200029107801054,1.2401217117653767e-08,0.00037311235875056039,4.1488818466993248e-10,3.0861368416175281e-05,7.5357908940872781e-05,1.6457520161981561e-15,1.1719817787019054e-05,1.2396965013955786e-10,0.00010361435509093352,3.9062509847981532e-07,0.00024059676954293606,2.1288689103379089e-10,6.8604505753713348e-06,3.9520224214308295e-09,5.9178296071773208e-12,1.9273538669876691e-10,4.8204291357264201e-09,1.2484421405426455e-08,1.079889731305392e-13,9.5256891541050668e-07,4.4106378201566202e-07,4.5851686007351148e-09,1.4236676578422206e-09,5.3161392255039263e-17,2.9941063820655824e-07,4.9931293893969381e-10,7.8172795871698723e-15,5.8074925112675426e-09,9.5077684681268192e-11,5.2966768357563635e-08,1.6595419500816149e-10,0.6997088809510601,0.0,1.1715911671618056e-08,2.7760361186333927e-06,8.2829030527972467e-08,3.7572542871912413e-06
0.009161458333333334,0.76540317623043774,-2.0453245159202442e-123,610.94874052215027,101324.99999999999,0.5415211268336662,0.012133913412743062,3.0131032507484037e-06,4.8185846429506074e-07,0.16595852977050576,5.6963381414476596e-06,0.03522957660385178,0.0001108871909818487,2.2222539189646739e-05,1.3588742205890295e-17,1.6090793177257136e-13,4.4719066851364324e-09,3.7529072680550959e-10,2.5700332805041024e-05,0.075838328808717839,0.0074825192518513444,0.0029072552835434418,1.5242043390351295e-08,0.00039431164621569651,5.3088707819972105e-10,3.2357081537385495e-05,7.9666328999383461e-05,2.7682508264497526e-15,1.2436924875311456e-05,1.6578078262096717e-10,0.00010951476751642805,4.5589460163742538e-07,0.00025800241963855065,2.6997378768153209e-10,7.4124888949432935e-06,4.2638420320039515e-09,6.7752282389535908e-12,2.1940657131965284e-10,4.9911778027059976e-09,1.3067164146153737e-08,1.5722680481779082e-13,1.0292568546625011e-06,4.4133160308991905e-07,4.9042929419059446e-09,1.4951617131109711e-09,8.6336442881501072e-17,3.1944170574475922e-07,5.2460551493075174e-10,1.2119592502927673e-14,6.211250466695422e-09,1.0168436380948393e-10,5.6638353447404858e-08,1.7857204677386199e-10,0.69937860531158258,0.0,1.3877916288758731e-08,3.0295620555176141e-06,1.0400141647568161e-07,4.0615120379975756e-06
0.0091666666666666667,0.78406969797200476,-2.0453245235973255e-123,625.59336959708833,101324.99999999999,0.5286290549966893,0.01230926902290184,3.8110337893902896e-06,5.6392428384362598e-07,0.16477908878773248,6.4026445075358882e-06,0.036749913148242663,0.00011549646321106951,2.2613100145055916e-05,2.8000629443956245e-17,2.6324437757225933e-13,5.7366731559046116e-09,4.8478192676041431e-10,2.9422253054760154e-05,0.074987554297262018,0.0078845453915094323,0.0031039695394146079,1.8707801128742166e-08,0.00041608198249438631,6.7901597251157143e-10,3.3741325707400538e-05,8.4041875250885281e-05,4.615843633466799e-15,1.318509090858201e-05,2.2070260912404656e-10,0.00011563509003382772,5.304332291974332e-07,0.00027627796687765651,3.4182379157439767e-10,8.0016451151694126e-06,4.5952971037210368e-09,7.7686788618336516e-12,2.4922813899283989e-10,5.1661494185864872e-09,1.3665590322549488e-08,2.2612848107797125e-13,1.1105528479287309e-06,4.3970526852967691e-07,5.2398131757700221e-09,1.5679957018305764e-09,1.3891181918718163e-16,3.4042029839107654e-07,5.4895292543355798e-10,1.8502112956469281e-14,6.6360397736791378e-09,1.0863419046732201e-10,6.0497074879390406e-08,1.9212148616110141e-10,0.69905000810107198,0.0,1.6365531212620879e-08,3.3007419037771469e-06,1.2921804607239082e-07,4.3852333829433102e-06
0.0091718749999999995,0.80324475133355333,-2.045324525000663e-123,640.62993425468653,101324.99999999999,0.5160096842291263,0.012484442697246695,4.7783362086315856e-06,6.6024689694863425e-07,0.16356064641116924,7.1790898119476579e-06,0.038304790545526789,0.00011990511576490989,2.2973030213545558e-05,5.6370305600524344e-17,4.2423694243772741e-13,7.3119801511972048e-09,6.218578689339019e-10,3.3644178986020475e-05,0.074112761192612384,0.0083012456779052515,0.0033103937512632218,2.292789369980004e-08,0.00043838642840674164,8.675669242719975e-10,3.4987179031928113e-05,8.8465325072721509e-05,7.6258603505686176e-15,1.3964952518414574e-05,2.9240602329865626e-10,0.00012197618226715773,6.1524140156317357e-07,0.00029542872180697891,4.3212580672975648e-10,8.6302761541253904e-06,4.9474825660902357e-09,8.9179383839780291e-12,2.8249281298929325e-10,5.34550761040517e-09,1.4279558266112904e-08,3.2134053000839254e-13,1.1964931725484402e-06,4.3617950306803848e-07,5.5921811347211862e-09,1.6419436064594761e-09,2.2133813984394384e-16,3.6236682148834704e-07,5.7191425786712068e-10,2.7812370148880081e-14,7.0825592794663412e-09,1.1593850602351463e-10,6.4547796320401533e-08,2.0670220859212225e-10,0.69872349566936087,0.0,1.9203830811613533e-08,3.5902011793686373e-06,1.5890985054881236e-07,4.7293184098012711e-06
0.0091770833333333322,0.82292364378161142,-2.0453245263682291e-123,656.05427257968392,101324.99999999999,0.5036702170491784,0.012659394712428895,5.9408760498600552e-06,7.733348499180094e-07,0.16230301210098377,8.0286879038739056e-06,0.039893698652697936,0.00012407060574019726,2.3301326851728594e-05,1.10909765645723e-16,6.7347992817539191e-13,9.2572571818575856e-09,7.9187666298655842e-10,3.8425038104651798e-05,0.073213930701875554,0.0087327755251671701,0.0035267731567599357,2.8057440079107003e-08,0.00046118247941625461,1.1067174903582725e-09,3.6068807951299202e-05,9.2915710352206785e-05,1.2478050344240307e-14,1.4777150700748275e-05,3.8544806055861486e-10,0.00012853855374552392,7.1141414999294047e-07,0.00031545519310996998,5.4549689410733838e-10,9.3009277830712548e-06,5.3216075522955869e-09,1.0244962067849131e-11,3.1951136273460567e-10,5.5294446777788679e-09,1.4908903825767332e-08,4.5130574273017338e-13,1.2870846626829904e-06,4.3078107824039932e-07,5.9618458133618773e-09,1.7167607345328436e-09,3.4915049862136151e-16,3.8530133948348575e-07,5.9301201089664803e-10,4.1170523809734528e-14,7.5515384890067338e-09,1.2360927077228946e-10,6.8795274644146219e-08,2.2243093192546893e-10,0.69839946156763566,0.0,2.2411808829521872e-08,3.898513889982481e-06,1.934834170052386e-07,5.0946999462355295e-06
0.009182291666666665,0.8431011404348856,-2.0453245276972722e-123,671.86180681805183,101324.99999999999,0.49161622705737323,0.012834087823784979,7.326581516862159e-06,9.0615037063203721e-07,0.1610060258270356,8.9542571913387753e-06,0.041516105919093667,0.00012795437759329431,2.3597141861348912e-05,2.1337066278086755e-16,1.0533446836788552e-12,1.1639314376738186e-08,1.0008345439275176e-09,4.3830181903233496e-05,0.072291058617401482,0.0091792788109373614,0.0037533501096510065,3.4282640416769559e-08,0.0004844214976825027,1.4089004891399636e-09,3.6962615943346257e-05,9.7370513267277392e-05,2.0216026420457609e-14,1.5622334047674827e-05,5.054612318732866e-10,0.00013532236029701616,8.2016792026581894e-07,0.00033635237896978171,6.8773756810256614e-10,1.0016343764245538e-05,5.7190157350684385e-09,1.1774070534921805e-11,3.6061320531911885e-10,5.7181850149700547e-09,1.5553438916438613e-08,6.2660665451599809e-13,1.3823048156409751e-06,4.2356893502083545e-07,6.3492533974830383e-09,1.7921891925321836e-09,5.4515630166676098e-16,4.0924358674212899e-07,6.1174266582597115e-10,6.0031380644284968e-14,8.0437440970520841e-09,1.3165925042203368e-10,7.3244147925896037e-08,2.394441118364499e-10,0.69807828573093622,0.0,2.599922681270917e-08,4.2261891701154334e-06,2.3330605570644393e-07,5.4823451840475486e-06
0.0091874999999999995,0.86377149060345892,-2.0453245289932956e-123,688.0475660254358,101325.0,0.4798517757869903,0.013008486889595477,8.9653526733575939e-06,1.0621858553687905e-06,0.1596695559351822,9.9585816719100775e-06,0.043171461322480363,0.00013152322312408698,2.3859754733815473e-05,4.0162118540502963e-16,1.6235701487880019e-12,1.4533021544992e-08,1.2554026447889839e-09,4.9932275864827098e-05,0.071344154368155138,0.0096408876249419358,0.0039903640554192193,4.1827371782436862e-08,0.00050804810217204338,1.7892440974152287e-09,3.7648457104121213e-05,0.00010180591702325749,3.2422904325172318e-14,1.6501162222259487e-05,6.5939013205012454e-10,0.00014232739737274542,9.4287645412891401e-07,0.00035810898621763842,8.6616562807011524e-10,1.0779473180583665e-05,6.1412083914057428e-09,1.35321484314901e-11,4.0614714147228462e-10,5.9119886989157904e-09,1.6212949647063521e-08,8.6033850759116511e-13,1.4821029047228671e-06,4.1463315708401579e-07,6.7548473247865606e-09,1.8679647718976671e-09,8.4244438941965666e-16,4.34212975881291e-07,6.2759124797284056e-10,8.625560750853265e-14,8.5599872699974688e-09,1.4010224327731708e-10,7.7898923366331969e-08,2.579009621871041e-10,0.6977603338166587,0.0,2.9962964365238016e-08,4.5736561488662357e-06,2.7869026325643818e-07,5.8932571397800712e-06
0.009192708333333334,0.88492845177012625,-2.0453245302645542e-123,704.60620654862032,101324.99999999999,0.46837953317350867,0.013182558437025755,1.0888959261978888e-05,1.2455469356580314e-06,0.15829349705240331,1.1044653062428196e-05,0.044859196149856666,0.00013475050393593725,2.4088541770502118e-05,7.4019822010400865e-16,2.4672458290267023e-12,1.8022447421745216e-08,1.5629978313810386e-09,5.6812316515135916e-05,0.07037324013563398,0.010117721940488504,0.0042380515280964507,5.0961258752802165e-08,0.00053199956627567806,2.2661001308661961e-09,3.81108373152954e-05,0.00010619710632230289,5.1472687831386834e-14,1.7414309692017324e-05,8.5579438889292847e-10,0.00014955308859780197,1.0811161257127349e-06,0.00038070657178222326,1.0900524029843491e-09,1.1593475986794918e-05,6.5898704782790592e-09,1.5548891553223089e-11,4.5648227363783496e-10,6.1111552135519646e-09,1.6887193998848667e-08,1.1685077198539197e-12,1.5864020832829198e-06,4.0409280783088573e-07,7.1790683704171555e-09,1.9438251028792685e-09,1.2884921079013089e-15,4.6022860307546735e-07,6.4005006774121333e-10,1.2219332470329672e-13,9.101131642339083e-09,1.4895335377534907e-10,8.2763965370355962e-08,2.7798680794517112e-10,0.69744595667817688,0.0,3.4283070527229199e-08,4.9412468055956578e-06,3.2987783893686792e-07,6.3284758355753151e-06
0.0091979166666666667,0.90656531014971442,-2.0453245315027931e-123,721.53202962618059,101325.0,0.4572008994945057,0.013356270166046279,1.3130945775212529e-05,1.4610403556802276e-06,0.15687776813441978,1.2215998760300848e-05,0.046578725598932079,0.00013761717740533332,2.4282942773875317e-05,1.3369703667357891e-15,3.6986323350782301e-12,2.2202737228923498e-08,1.9319125576358748e-09,6.4560757468731949e-05,0.069378350100329375,0.010609889187645501,0.0044966461635357041,6.2009480336170678e-08,0.0005562052932293368,2.8616837544284859e-09,3.8340008189084971e-05,0.00011051860847879868,8.0886962482980254e-14,1.836246976003641e-05,1.1052453944214338e-09,0.00015699846777760619,1.2367203242315299e-06,0.00040411860075113837,1.3711912888115322e-09,1.2461726925324634e-05,7.0669000557029819e-09,1.7857124457386251e-11,5.1200915931441033e-10,6.3160272707814658e-09,1.7575899030703114e-08,1.5704520971727761e-12,1.6951024044441111e-06,3.9209271337118403e-07,7.6223547498719162e-09,2.0195188315857458e-09,1.9507440963605648e-15,4.8730925017731086e-07,6.4864151395936158e-10,1.7078612440680907e-13,9.6681019644151338e-09,1.5822931831969632e-10,8.7843483986456641e-08,2.9991680108371724e-10,0.69713548995178543,0.0,3.8918895650689435e-08,5.3291764984443491e-06,3.8702381498490318e-07,6.7890790396362791e-06
0.0092031249999999995,0.92867489671601455,-2.0453245327135157e-123,738.81899520005038,101325.0,0.44631612703434836,0.013529590387042436,1.5726568096590198e-05,1.7142644418505311e-06,0.15542231077122082,1.3477095828894824e-05,0.048329450158993897,0.00014011257360304553,2.4442427182224514e-05,2.3691395040646095e-15,5.4734799783918151e-12,2.718306308039458e-08,2.3715341222622469e-09,7.3278710677896305e-05,0.068359529901889288,0.011117483703553796,0.0047663787226989614,7.5364583094608084e-08,0.00058058645644428397,3.6028541414928696e-09,3.8332848712759527e-05,0.00011474466238959308,1.2583763120946405e-13,1.9346358962539042e-05,1.4208552182457398e-09,0.00016466215262090497,1.4118415379478836e-06,0.00042830941562333076,1.724635521775541e-09,1.3387818009593954e-05,7.5744414623027232e-09,2.0493216623337296e-11,5.7314125756364371e-10,6.5269946779657517e-09,1.8278757596087336e-08,2.0892803925948929e-12,1.8080846241508134e-06,3.787993388713203e-07,8.0851422312735764e-09,2.0948154806868094e-09,2.9241767348550629e-15,5.1547338401059341e-07,6.5294432694166324e-10,2.3569765796179939e-13,1.0261893305009591e-08,1.679488895989949e-10,9.314152384373082e-08,3.2394003214997083e-10,0.69682925373534488,0.0,4.3805910201087527e-08,5.737521765485946e-06,4.5018026532643954e-07,7.2761823454038286e-06
0.0092083333333333323,0.95124959734928738,-2.0453245338939701e-123,756.4607308464914,101324.99999999997,0.4357244400775066,0.01370248738733453,1.8712790470580051e-05,2.0116997287842831e-06,0.1539270878750652,1.4833866238289913e-05,0.050110756712138049,0.00014223487939057491,2.4566461426348226e-05,4.123504903793038e-15,8.0028383025911046e-12,3.3091024851729033e-08,2.8926877459936367e-09,8.3079172274607959e-05,0.067316836411533812,0.011640586032125234,0.0050474771165846715,9.1500568257289912e-08,0.00060505589988866344,4.5220724811465527e-09,3.809343046713209e-05,0.00011884959946837038,1.9385216071371845e-13,2.0366721936718866e-05,1.8189900533349308e-09,0.00017254230857428651,1.6090187655028913e-06,0.0004532331124339835,2.1696503753254881e-09,1.4375559737045681e-05,8.1149227333222319e-09,2.3497632064726821e-11,6.4031673005184678e-10,6.7444981913198064e-09,1.8995424563767503e-08,2.7523315050214095e-12,1.9252146071934902e-06,3.6439596115393449e-07,8.5678642483065031e-09,2.1695155741658405e-09,4.3415663294245417e-15,5.4473915382866386e-07,6.526222165482899e-10,3.2148830850794474e-13,1.0883580675113248e-08,1.7813328580909468e-10,9.8661953602882359e-08,3.5034407159918795e-10,0.6965275523384945,0.0,4.885406024877463e-08,6.166194902931371e-06,5.192800012477253e-07,7.790938289954112e-06
0.009213541666666665,0.97428135557369822,-2.045324535055163e-123,774.45053459821065,101324.99999999999,0.42542415211652324,0.013874928721451569,2.2128373671868789e-05,2.3607974128784073e-06,0.15239208288067671,1.6294243739712136e-05,0.051922019279372726,0.00014399129705562646,2.4654479036055833e-05,7.0585946198110656e-15,1.1571842667777637e-11,4.0078905037517092e-08,3.5081400500541641e-09,9.4088205927958684e-05,0.066250337927403202,0.012179262042542568,0.0053401664224566499,1.1098950623358893e-07,0.00062951838855443128,5.6585808198339853e-09,3.763317750735684e-05,0.00012280821862014626,2.9580010160111013e-13,2.1424336900796527e-05,2.3202379451649258e-09,0.00018063660139982238,1.8312468208028563e-06,0.00047883232179780883,2.7309345104436193e-09,1.5428981008071108e-05,8.6910978522330523e-09,2.6915655018784472e-11,7.1400065966363637e-10,6.9690332844892279e-09,1.9725512543691309e-08,3.5916575869030134e-12,2.0463481210609878e-06,3.4907738096799944e-07,9.0709520042921759e-09,2.2434605505287365e-09,6.3874759095713284e-15,5.7512438864183367e-07,6.4745305412885188e-10,4.3385605407876517e-13,1.153432889886108e-08,1.8880671144370313e-10,1.044084557665071e-07,3.7945997540443315e-10,0.69623067408732509,0.0,5.3948702086367741e-08,6.6149147287380427e-06,5.9412019550630446e-07,8.3345341129772707e-06
0.0092187499999999995,0.99776166626597862,-2.0453245361805846e-123,792.78137037328941,101324.99999999997,0.41541277937182536,0.014046880419728631,2.6014084120474399e-05,2.7700637942356455e-06,0.15081729958719176,1.7868798632639593e-05,0.053762599322644697,0.00014539785828564976,2.4705854655519432e-05,1.1900548777999344e-14,1.6565670934857135e-11,4.8332190761149921e-08,4.2332997731939799e-09,0.00010644600206793843,0.065160114911094913,0.012733561833696599,0.005644668879209387,1.3452090314237463e-07,0.00065387127802501977,7.0598520371401374e-09,3.6970562508209662e-05,0.00012659613676749143,4.4727122200256643e-13,2.2520021926338591e-05,2.9507219851613866e-09,0.00018894213748076559,2.0820430580757237e-06,0.00050503689699999917,3.4401761262723229e-09,1.6552327348633097e-05,9.3060945433769951e-09,3.0798343153949672e-11,7.9468774910680673e-10,7.2011537521855283e-09,2.0468587127845105e-08,4.6445402952393487e-12,2.1713357843084014e-06,3.3304444011129852e-07,9.5948345568798947e-09,2.316541964688961e-09,9.3174031064444703e-15,6.066465968184839e-07,6.3735623826069969e-10,5.7997335486974143e-13,1.2215402515915105e-08,1.999969566122093e-10,1.1038451648129362e-07,4.1166778884378913e-10,0.69593889117106422,0.0,5.8955192455901431e-08,7.0831728585345276e-06,6.7434614912313218e-07,8.9081876368235237e-06
0.009223958333333334,1.0216815587583581,-2.0453245372784898e-123,811.44585477801581,101325.0,0.4056871498664403,0.014218306109607422,3.0413048851255823e-05,3.2491397418067324e-06,0.14920276276495253,1.9571403924121699e-05,0.055631845504968018,0.00014647888976807857,2.4719882694329184e-05,1.9791497638068911e-14,2.3505849902695032e-11,5.8080776358028588e-08,5.0871515072871541e-09,0.00012030772005533579,0.064046261385728831,0.013303518390128373,0.0059612038481786861,1.629239979950821e-07,0.00067800563526146341,8.7833673292659292e-09,3.6130324743996283e-05,0.00013019009760627302,6.70500045673944e-13,2.3654642217422225e-05,3.7438763860568597e-09,0.00019745539133255371,2.3655060565427508e-06,0.00053176251750722812,4.3380218228561377e-09,1.7750056432262828e-05,9.9634684406865825e-09,3.520377012844375e-11,8.8290555859642936e-10,7.4414750601427583e-09,2.1224161663920174e-08,5.9540548058105496e-12,2.3000279361776157e-06,3.1649860971459669e-07,1.0139938871616601e-08,2.3887094913283008e-09,1.3484139288224406e-14,6.3932297093614786e-07,6.2241533219072384e-10,7.6895880615852445e-13,1.2928175457770524e-08,2.117360822066024e-10,1.1659341472467914e-07,4.4740258081303938e-10,0.69565245952449251,0.0,6.3727951469963228e-08,7.5701947765566883e-06,7.5943576911525284e-07,9.513140605899423e-06
0.0092291666666666668,1.0460315679472958,-2.0453245383516302e-123,830.4362342222754,101324.99999999997,0.39624350739376846,0.014389166043873452,3.5371272852929463e-05,3.808875409339125e-06,0.14754851963713425,2.1419925483290667e-05,0.057529092807682265,0.00014726614370766638,2.4695760910796648e-05,3.2520163562969871e-14,3.3101444970335185e-11,6.9613262987820438e-08,6.0934570503876736e-09,0.00013584401337655947,0.062908887112006165,0.013889145954225602,0.0062899877246046483,1.9719310191659254e-07,0.00070180779350787674,1.089878257232012e-08,3.5142247825364515e-05,0.00013356822421311677,9.9705347760906545e-13,2.4829118638571253e-05,4.7428349370554028e-09,0.00020617212043339147,2.6863598831132442e-06,0.00055890922504161676,5.4765494559622363e-09,1.9026829065690788e-05,1.066726459990146e-08,4.0198632186450904e-11,9.7921833535936901e-10,7.6906773446452874e-09,2.199169158635249e-08,7.5697012531557537e-12,2.4322792120519434e-06,2.9963689691265054e-07,1.0706689831205438e-08,2.4599772930063364e-09,1.9374240538823102e-14,6.7317040115292794e-07,6.028928408856413e-10,1.0125326905912388e-12,1.367414019940208e-08,2.24061198673898e-10,1.2303821001817941e-07,4.8716103868661077e-10,0.69537161874701381,0.0,6.8124146225871058e-08,8.0748950081992019e-06,8.4868587858952047e-07,1.0150648662918561e-05
0.0092343749999999995,1.0708016923499504,-2.0453245394000058e-123,849.74435157244579,101325.0,0.3870776097809967,0.014559416029919005,4.093832420576457e-05,4.4614018078855616e-06,0.14585464232697851,2.3436920015762328e-05,0.059453660906964141,0.00014779762415402531,2.4632578862713758e-05,5.2881951652616208e-14,4.632150992939017e-11,8.3294792166230274e-08,7.282259221538129e-09,0.00015324113549904968,0.061748120648983142,0.01449043807927345,0.0066312337843326494,2.3851599629025816e-07,0.00072516126966773637,1.3490548750778201e-08,3.4039588039191292e-05,0.00013671020564092297,1.4715831361416952e-12,2.6044437750341333e-05,6.0036205496794032e-09,0.00021508726820753423,3.0499767054748451e-06,0.00058635992089171157,6.9223501236873994e-09,2.0387492778468092e-05,1.1422087449166343e-08,4.5860310230970226e-11,1.0842314781675409e-09,7.9495079569866383e-09,2.277056833437162e-08,9.5481271349085179e-12,2.5679526425325942e-06,2.8264728053368575e-07,1.1295510185542324e-08,2.5304284014530604e-09,2.7658682679451801e-14,7.0820550023854533e-07,5.7923418169308794e-10,1.3259181191278747e-12,1.4454916046894946e-08,2.3701534662455374e-10,1.2972172756568642e-07,5.3150865087464779e-10,0.69509659206693442,0.0,7.2021045951076331e-08,8.5958258318852859e-06,9.4120221024543675e-07,1.0821966966147014e-05
0.0092395833333333323,1.095981338496314,-2.0453245404236167e-123,869.36160194522859,101324.99999999999,0.3781848209056296,0.014729006253950143,4.7168180122549817e-05,5.2202022217728175e-06,0.14412123133740568,2.5650327943125299e-05,0.061404851720972806,0.00014811615697705153,2.4529310928924421e-05,8.5243685429822284e-14,6.4497681403236224e-11,9.9588900385578715e-08,8.6917261257578597e-09,0.00017270052561604388,0.060564113391185406,0.015107365328314392,0.0069851519501826966,2.8830527684321038e-07,0.00074794892192657384,1.6661054409731625e-08,3.2857288449725525e-05,0.00013959741326314835,2.1570586313955502e-12,2.7301663615616938e-05,7.5993723610915849e-09,0.00022419485660049438,3.4623697845252216e-06,0.00061397886746489023,8.7603376144915745e-09,2.1837054034920108e-05,1.2233180382797248e-08,5.2279501580815888e-11,1.1985966673382747e-09,8.2187834397457268e-09,2.3560112889901086e-08,1.1953966221233964e-11,2.7069231383993436e-06,2.6570483692986406e-07,1.1906820425642302e-08,2.6002168730030307e-09,3.9263363147223162e-14,7.4444464273909529e-07,5.5205860940300479e-10,1.7290652202442195e-12,1.5272256179210845e-08,2.5064848794622123e-10,1.3664653949012131e-07,5.8108750101146791e-10,0.69482758636667863,0.0,7.5334744462040423e-08,9.1311192514725404e-06,1.0358957604993899e-06,1.1528330276001186e-05
0.009244791666666665,1.1215592515633532,-2.0453245414252144e-123,889.2788776805678,101324.99999999999,0.369560195986427,0.01489787999385936,5.4120215183467538e-05,6.100187639149787e-06,0.14234842010306928,2.8094153140042784e-05,0.063381946053701982,0.00014826776613258033,2.4384813549403848e-05,1.3643234758786507e-13,8.9469219869909141e-11,1.1908396709188347e-07,1.0370380768956095e-08,0.00019443777788271679,0.059357044654175226,0.015739872584408041,0.0073519484626381141,3.4823235545475945e-07,0.00077005518844880686,2.0534360141468924e-08,3.1630141090422007e-05,0.00014221294871102598,3.1420499386932427e-12,2.8601951629552211e-05,9.6259043739991216e-09,0.00023348786981743425,3.9301483067170316e-06,0.00064161025400150421,1.1098414269166124e-08,2.3380634030196607e-05,1.3106516280093423e-08,5.9563567309964295e-11,1.3230176746538633e-09,8.4993908118747065e-09,2.4359568969552139e-08,1.4860819208516528e-11,2.8490802743309779e-06,2.4896866042746354e-07,1.2541038562363031e-08,2.6695676085305478e-09,5.5467243319932398e-14,7.8190401952216273e-07,5.2213610548132579e-10,2.2482960929890532e-12,1.6128053014416121e-08,2.6501861637269854e-10,1.438149406417545e-07,6.3662469428776352e-10,0.69456479229059853,0.0,7.8036737371611735e-08,9.6784224332424622e-06,1.1314889542719861e-06,1.2270926176298157e-05
0.0092499999999999995,1.1475234326967609,-2.0453245424020473e-123,909.48650298080895,101325.0,0.3611985597548215,0.015065972214306812,6.1860303388672875e-05,7.1177811773267663e-06,0.14053638062793419,3.0809127237801142e-05,0.065384199280520444,0.00014829993003556837,2.4197826479852264e-05,2.1713702976148038e-13,1.2378746031856917e-10,1.4252494132851377e-07,1.2379771416978799e-08,0.00021868090323043978,0.058127127857884403,0.016387875938579953,0.0077318254399532443,4.202636001079893e-07,0.0007913682323098559,2.5260596717056592e-08,3.0391063890646877e-05,0.00014454163105338493,4.5508246007624643e-12,2.9946564600488643e-05,1.2208957326702542e-08,0.00024295812997272712,4.4604252591482248e-06,0.00066907690535677946,1.4073127482556838e-08,2.5023402276106737e-05,1.4048900258201944e-08,6.7840785497898405e-11,1.4582568484788768e-09,8.7922880274519551e-09,2.5168095904869745e-08,1.8352398692121055e-11,2.9943303356322651e-06,2.325796251773269e-07,1.3198579788444669e-08,2.7387738624146249e-09,7.8038744652020928e-14,8.2059970724699674e-07,4.9035093504737594e-10,2.9184941636451318e-12,1.702434141277419e-08,2.8019299641021447e-10,1.5122891727440397e-07,6.9894143277407522e-10,0.694308384461092,0.0,8.0164345270143857e-08,1.0234827535493737e-05,1.2265355672401421e-06,1.3050859965774566e-05
0.009255208333333334,1.1738610439781454,-2.0453245433596188e-123,929.97415912804945,101324.99999999999,0.35309457722241155,0.01523320803749896,7.0461999252149438e-05,8.2910167968966804e-06,0.13868533019651838,3.3843361983504933e-05,0.067410836042126512,0.00014825979816721191,2.396697821523283e-05,3.441233195626993e-13,1.7100297461104682e-10,1.7085115250265942e-07,1.4797650716174333e-08,0.00024566779790446107,0.056874617832072635,0.017051259122396623,0.0081249803133035745,5.0669779632620658e-07,0.00081178182706491896,3.1021099478251027e-08,2.9169639162394708e-05,0.00014656993570350937,6.5572776199482318e-12,3.1336891266494228e-05,1.5513582183438072e-08,0.00025259616317854013,5.0606698026032976e-06,0.00069617923295672759,1.7856447266639207e-08,2.6770482018852261e-05,1.5068085927033866e-08,7.7265762692112014e-11,1.6051422469680449e-09,9.0985034578996235e-09,2.5984761244010135e-08,2.2523856305275425e-11,3.1425976395006712e-06,2.1665898192650911e-07,1.3879855999888956e-08,2.8081925920640354e-09,1.0942470091282809e-13,8.6054775034487429e-07,4.5765448511700949e-10,3.7859938453546465e-12,1.7963299156090238e-08,2.9624953894030833e-10,1.5889010672383002e-07,7.6896275242153479e-10,0.69405852183059213,0.0,8.1821683892448092e-08,1.0796797852494533e-05,1.3194582920880513e-06,1.3869109685411572e-05
0.0092604166666666668,1.2005583024444311,-2.0453245442979287e-123,950.7308015634087,101325.0,0.3452428168904047,0.015399501083387449,8.0007760354594088e-05,9.6396573783068398e-06,0.13679553912578096,3.725299811106573e-05,0.06946104393686553,0.00014819244874959473,2.3690796288903463e-05,5.4373207213433721e-13,2.3606730294746751e-10,2.0524110392925169e-07,1.7721743704311402e-08,0.00027564283673091295,0.055599819242116211,0.017729869452736226,0.0085316051230727614,6.1020374491245716e-07,0.0008311968500646057,3.8034350973291084e-08,2.799102020089108e-05,0.0001482859008759446,9.4040274287451446e-12,3.2774467368858656e-05,1.9756175121293465e-08,0.0002623910508138669,5.7384966006406006e-06,0.00072269454722591905,2.2663777824754206e-08,2.8626822267754879e-05,1.6172906286707688e-08,8.8026341371546234e-11,1.7645753665214385e-09,9.4191342291104574e-09,2.6808533106903335e-08,2.7483303618351534e-11,3.2938251818755575e-06,2.0130773861217961e-07,1.4585275150166525e-08,2.8782379092551567e-09,1.5301093978620714e-13,9.0176425119742338e-07,4.2501178793604119e-10,4.9123646775538351e-12,1.8947244050564488e-08,3.1327832047166561e-10,1.6679974606547233e-07,8.4772792924618143e-10,0.69381534819663193,0.0,8.3169896066488264e-08,1.1360093464751441e-05,1.4086069200096111e-06,1.4726469767771033e-05
0.0092656249999999996,1.2276003649322813,-2.0453245452142255e-123,971.74457041528501,101324.99999999997,0.3376378063884161,0.015564751673750358,9.0590174041429243e-05,1.1185336527006069e-05,0.13486733950808044,4.1102862686141626e-05,0.071533966224990156,0.00014813926335854714,2.3367723861344964e-05,8.5740448728692539e-13,3.2589251914794142e-10,2.4716517008534387e-07,2.1274192953175252e-08,0.00030885251228809739,0.054303096106626605,0.018423513257165972,0.0089518856627243716,7.3385637183798812e-07,0.00084952230064371209,4.6562798996667663e-08,2.6875259640579496e-05,0.00014967901898510136,1.3428398383170491e-11,3.4260999312738855e-05,2.5219761214337171e-08,0.00027233025565027541,6.5013865498605071e-06,0.00074837686936456236,2.8763279767118731e-08,3.0597033101317232e-05,1.7373420176096175e-08,1.0035245748802941e-10,1.9375393832754781e-09,9.7553432232546863e-09,2.7638272325495498e-08,3.3353531200771723e-11,3.447974690447436e-06,1.8660674021032975e-07,1.5315240408223868e-08,2.9493729798730983e-09,2.1347966304010017e-13,9.4426546272285831e-07,3.9334742557350096e-10,6.3793267709640119e-12,1.9978626887395777e-08,3.3138325067064749e-10,1.7495860756755909e-07,9.3640155519904177e-10,0.69357899290484371,0.0,8.4408158460421436e-08,1.1919701110023549e-05,1.4923380983224538e-06,1.5623481940478498e-05
0.0092708333333333323,1.2549712058021656,-2.0453245461085092e-123,993.00269629699505,101324.99999999997,0.3302740806705421,0.015728844896126148,0.00010231315310406904,1.2951727395961671e-05,0.13290113488330926,4.5467148582751832e-05,0.073628693581921062,0.00014813648435632438,2.299614481371707e-05,1.3503952848783444e-12,4.5012688323115926e-10,2.9844702096130046e-07,2.5606769321531574e-08,0.00034554004559399578,0.05298488235133459,0.019131950749834689,0.0093860004569844384,8.811692256188105e-07,0.0008666758183856466,5.6920602973842914e-08,2.5837057621236328e-05,0.0001507401301832898,1.9097475140673751e-11,3.5798390313335226e-05,3.2273181195295723e-08,0.00028239940690786538,7.356336486155936e-06,0.00077295739534284094,3.6486519140115446e-08,3.2685184038724808e-05,1.8681074827940405e-08,1.1452755812502086e-10,2.1251077919888389e-09,1.0108354530466102e-08,2.8472724401694441e-08,4.0273922179778319e-11,3.6050261833034491e-06,1.7261734172552081e-07,1.6070149088810321e-08,3.0221007760081871e-09,2.9729647969664709e-13,9.8806787682244279e-07,3.6349698000001223e-10,8.295078701312313e-12,2.1060019363124286e-08,3.5068388924844503e-10,1.8336691858859917e-07,1.0362852743162789e-09,0.69334957176076717,0.0,8.5749524802926225e-08,1.246977469917753e-05,1.5691144451161205e-06,1.6560352322600301e-05
0.0092760416666666651,1.2826534898052959,-2.0453245469835313e-123,1014.4914033653653,101324.99999999997,0.32314622302469087,0.015891648526139356,0.00011529306780555082,1.4964740525991987e-05,0.13089741076880426,5.0430129613728519e-05,0.075744254960827331,0.00014821400728229098,2.2574420371223963e-05,2.1254859129731115e-12,6.2222454979938425e-10,3.6133433179610679e-07,3.0906925718904873e-08,0.00038593890279156455,0.051645693316051948,0.019854890330575897,0.0098341195614090014,1.0561206837455898e-06,0.0008825837328833645,6.9482326203011316e-08,2.4885879156550836e-05,0.00015146133353006151,2.7054959703455027e-11,3.7388768732884493e-05,4.1394847083864648e-08,0.00029258202314028998,8.3094397161952598e-06,0.00079614577406377396,4.624037012099832e-08,3.4894569417842618e-05,2.010888459598712e-08,1.3090339557415489e-10,2.3284532886318484e-09,1.0479447109026704e-08,2.9310511318867707e-08,4.8402519584877008e-11,3.7649771415865474e-06,1.5938255786502811e-07,1.6850391321288779e-08,3.0969541134910559e-09,4.1336949178109486e-13,1.0331883022438553e-06,3.3616966113737916e-10,1.0802362959026426e-11,2.2194095915980295e-08,3.7131740834479961e-10,1.9202426340330479e-07,1.1488301556070753e-09,0.69312718816603203,0.0,8.7396897529597525e-08,1.3003594680375345e-05,1.637616666823486e-06,1.7536854152847992e-05
0.0092812499999999996,1.3106281622312215,-2.045324547839292e-123,1036.1955900747002,101324.99999999997,0.3162489668907072,0.016053010839547278,0.00012965978551279298,1.7252751790629997e-05,0.12885674559580867,5.6086924138066837e-05,0.077879608048254903,0.00014839444462342333,2.2100940901560127e-05,3.3445123186995224e-12,8.6091454054320789e-10,4.3857888247010728e-07,3.7404757171099221e-08,0.00043026517673768117,0.050286137855459684,0.020591982417644299,0.010296403255547808,1.2631705708670217e-06,0.00089718072362837838,8.4692512708221988e-08,2.4026356904971177e-05,0.00015183592853455498,3.8183175015057868e-11,3.9034518330214971e-05,5.3201662439366638e-08,0.00030285914986018578,9.3654050493990518e-06,0.00081763236615910379,5.8519978860539149e-08,3.722744974923273e-05,2.1671625592289605e-08,1.4991928654113473e-10,2.5488567453336641e-09,1.0869946456300826e-08,3.0150123405140165e-08,5.7918079308748441e-11,3.9278414343511926e-06,1.4692856976335599e-07,1.7656348567873229e-08,3.1744854130905638e-09,5.73934491810449e-13,1.0796439349907576e-06,3.1192624525648327e-10,1.4088630263912145e-11,2.3383608502512332e-08,3.9344069405798504e-10,2.0092946591968731e-07,1.2756496845297302e-09,0.69291193443869736,0.0,8.9523834711880471e-08,1.3513556216328224e-05,1.6968578486921121e-06,1.8552216497008568e-05
0.0092864583333333341,1.3388745241842275,-2.0453245486812945e-123,1058.0988954238092,101324.99999999999,0.3095771622092696,0.016212758262596296,0.00014555758067162731,1.9846860672060276e-05,0.12677982267180002,6.2544313753493743e-05,0.080033628650408403,0.00014869248170473818,2.1574197237311689e-05,5.2620260026885766e-12,1.1922001894906016e-09,5.3352526820659539e-07,4.5380859706272859e-08,0.00047870880836398523,0.048906931361640836,0.021342812543273096,0.010773000462641734,1.5072640701773347e-06,0.00091040917368165905,1.0307611385419759e-07,2.3258893326052647e-05,0.00015185839542313263,5.3684352304622464e-11,4.0738308874103217e-05,6.8483541571274008e-08,0.00031320888157560347,1.0527032927512335e-05,0.00083709162194147986,7.3922446265390518e-08,3.9684781006358308e-05,2.3386044257277264e-08,1.7212725593829328e-10,2.7877159480206316e-09,1.1281213780680913e-08,3.0989911126648091e-08,6.9022199958084058e-11,4.0936480420143458e-06,1.3526648283214488e-07,1.8488391682794244e-08,3.2552565454616938e-09,7.9573497424160758e-13,1.1274524011800318e-06,2.911742398193876e-10,1.839859367771456e-11,2.463135260060191e-08,4.1723256202417216e-10,2.1008044749508951e-07,1.4185332545956238e-09,0.69270389341385996,0.0,9.2262763934985934e-08,1.399119706793646e-05,1.7462851007403551e-06,1.9604999698377876e-05
0.0092916666666666668,1.3673702648974961,-2.0453245495040355e-123,1080.1837326183695,101325.0,0.3031257599829811,0.016370692895271273,0.00016314588037799231,2.2781177514992375e-05,0.12466744288060781,6.9921624005146176e-05,0.082205099335451781,0.00014911452868962823,2.0992875719714895e-05,8.2776739534878209e-12,1.6520563233193684e-09,6.5020655439640537e-07,5.5175036664897842e-08,0.00053142366200984944,0.047508909410798113,0.022106893774785228,0.011264046922422258,1.7938188526183797e-06,0.00092221833537732133,1.2524954447406862e-07,2.2580366397623864e-05,0.00015152442036298395,7.5186055110756206e-11,4.2503125639702929e-05,8.8243562762781338e-08,0.00032360574297944932,1.1794672419873042e-05,0.00085418670989007982,9.316069623771775e-08,4.2265946878092856e-05,2.5271077536377827e-08,1.9822493478484389e-10,3.0465538382067106e-09,1.1714632385275938e-08,3.1828076955452751e-08,8.1941692912469187e-11,4.2624396859948071e-06,1.2439423338480629e-07,1.9346878532906777e-08,3.3398291000371927e-09,1.101581668782378e-12,1.1766317726903045e-06,2.7417980364686387e-10,2.4049423090664042e-11,2.5940123073536617e-08,4.4289605983926812e-10,2.1947405780271689e-07,1.5794600550786725e-09,0.69250314030433191,0.0,9.5700738084378782e-08,1.4427276973922746e-05,1.785851916680771e-06,2.0692959898296145e-05
0.0092968749999999996,1.3960913528691643,-2.0453245503075149e-123,1102.4312127561193,101324.99999999997,0.2968898317132605,0.016526589946897492,0.00018259980688425007,2.6093137609367131e-05,0.12252053781607961,7.8351669829856819e-05,0.084392697696095115,0.0001496586584838466,2.0355980552665506e-05,1.3017261986235775e-11,2.2900378054232126e-09,7.934438322016458e-07,6.7195706023553638e-08,0.00058851653202157499,0.046093041705782212,0.02288365853651984,0.011769663151515519,2.1286913404263388e-06,0.00093256343143842651,1.5193195872511989e-07,2.1984848827667322e-05,0.00015083096789763941,1.0487642780290239e-10,4.4332295466546048e-05,1.1374317838458293e-07,0.00033401990779437533,1.3165686245475642e-05,0.0008685754867972373,1.1707678513251576e-07,4.4968508512933686e-05,2.7348080866369502e-08,2.2909862547357219e-10,3.3270258919313484e-09,1.2171590936176746e-08,3.266266750976505e-08,9.6930775502079384e-11,4.4342714581258035e-06,1.1429855589689437e-07,2.0232151206503798e-08,3.4287554630560143e-09,1.5223954822691472e-12,1.2272005572180147e-06,2.6109387584733623e-10,3.1448737504172949e-11,2.7312658488102522e-08,4.7066081902506626e-10,2.2910587696011535e-07,1.7606131761836807e-09,0.69230974477441554,0.0,9.9881024937894529e-08,1.4811919792567836e-05,1.8160457258134468e-06,2.181290631033677e-05
0.0093020833333333323,1.4250119353461206,-2.0453245510999879e-123,1124.8210770135652,101324.99999999999,0.29086458385980996,0.016680195117389551,0.00020411046961983569,2.9823839982042685e-05,0.12034018323485009,8.7981763582868955e-05,0.086594984392151547,0.00015031480960541881,1.9662985702600803e-05,2.0457382330164677e-11,3.1740547032098649e-09,9.6894504146036766e-07,8.1929743195932194e-08,0.00065003523315302323,0.04466044608936743,0.023672449850261987,0.012289952183614419,2.5181184755677512e-06,0.00094140479152690399,1.8395618191509689e-07,2.1464279944397141e-05,0.00014977639898812567,1.4567583111971342e-10,4.6229505708963848e-05,1.4655103248781465e-07,0.00034441624099714108,1.4633958039817256e-05,0.00087991783938827896,1.4665368507164936e-07,4.7787982156086266e-05,2.9641058543834475e-08,2.6587959938991236e-10,3.6309262040117573e-09,1.2653463235060374e-08,3.3491566110299949e-08,1.1427312289325128e-10,4.6092095117760619e-06,1.0495693897068904e-07,2.1144532753667121e-08,3.5225709454393058e-09,2.0998602576545953e-12,1.279177658872463e-06,2.5198840518434646e-10,4.1115307211147779e-11,2.8751572373390289e-08,5.0078540411591152e-10,2.3896998654426184e-07,1.9643936785017322e-09,0.692123773197451,0.0,1.0480806543893742e-07,1.5134827620710242e-05,1.8378598789821075e-06,2.2960556284079561e-05
0.0093072916666666651,1.454104249118952,-2.0453245518731993e-123,1147.3316396970238,101324.99999999997,0.28504536781437,0.016831221975180562,0.00022788495223255919,3.4018409033869538e-05,0.11812761264172493,9.8974780447835066e-05,0.088810391199763875,0.00015106522501442558,1.8914016138537201e-05,3.2115587958044857e-11,4.3966157375728102e-09,1.1833966916806345e-06,9.9952348557347877e-08,0.00071595602272600837,0.043212402334696656,0.024472512051687895,0.012824997096724095,2.9686319549291989e-06,0.00094870710369270017,2.222784975984318e-07,2.1009054107475382e-05,0.00014836063001650516,2.014522804603443e-10,4.8198810874737691e-05,1.8859278592559625e-07,0.00035475316426919739,1.6189478779478805e-05,0.00088788435302952231,1.8302435136727498e-07,5.0717648265168863e-05,3.2176889064095266e-08,3.1001746191836511e-10,3.9601917683817477e-09,1.3161584119162677e-08,3.4312485958287968e-08,1.3428365858772018e-10,4.7873298650008539e-06,9.6339512145904288e-08,2.2084323416622381e-08,3.6217871366588201e-09,2.8898388176468501e-12,1.3325823037922683e-06,2.4689795844820949e-10,5.3702081087562747e-11,3.0259270032560085e-08,5.3355959289562949e-10,2.4905870788900227e-07,2.1934342713494688e-09,0.69194529105497382,0.0,1.1045355461227995e-07,1.5385572394254583e-05,1.8527074482120075e-06,2.4130394703995085e-05
0.0093124999999999996,1.4833385455883366,-2.0453245526299008e-123,1169.9397444150286,101324.99999999997,0.2794276858853896,0.01697934939938012,0.0002541459337793981,3.8726377853706624e-05,0.11588423078055654,0.00011151027349494878,0.091037209328939647,0.0001518850923812843,1.8110054621099606e-05,5.0338280193471367e-11,6.0828836683110531e-09,1.4445404597276867e-06,1.2193635808518329e-07,0.0007861707130318548,0.041750365372877796,0.025282981071138244,0.013374858343585082,3.4869429645924322e-06,0.00095443883735878252,2.6798627028336151e-07,2.0608511053888844e-05,0.00014658532535858233,2.7728906738932299e-10,5.0244619759009699e-05,2.4219801806360555e-07,0.00036498136490944598,1.7818048993884224e-05,0.00089216617245988688,2.2747668803405623e-07,5.3748387612390922e-05,3.4985535556803686e-08,3.6337528614418929e-10,4.3169043622693459e-09,1.3697221133627363e-08,3.512296418747736e-08,1.5730995044287838e-10,4.9687173514714487e-06,8.8410819013935719e-08,2.3051796312247749e-08,3.7268865799912764e-09,3.9667430802350111e-12,1.3874339210450121e-06,2.458622174717669e-10,7.0020795754816146e-11,3.183784973781344e-08,5.693065067480352e-10,2.5936230695753079e-07,2.4506121069310852e-09,0.69177436541879311,0.0,1.1676207975759911e-07,1.5553964873468665e-05,1.8622841381979571e-06,2.5315545690302512e-05
0.0093177083333333341,1.5126830329788741,-2.0453245533728442e-123,1192.6207354294422,101324.99999999997,0.274007193791245,0.017124219172175378,0.00028313087886971104,4.400209322556311e-05,0.11361162675861233,0.00012578562877371842,0.093273578306590804,0.00015274334778759261,1.7253165514349228e-05,7.8733524502790272e-11,8.40092324404534e-09,1.7612255532015725e-06,1.4866022529044128e-07,0.00086047395382259897,0.040275977569324051,0.026102874402621924,0.013939570911452133,4.0797969716636008e-06,0.00095857187223046621,3.223023040350027e-07,2.0251329281474767e-05,0.00014445411363990144,3.7981481040889526e-10,5.2371653474141143e-05,3.1013897339693248e-07,0.00037504239512880572,1.9501129832658285e-05,0.00089248581616206105,2.8145288628464697e-07,5.6868533204421891e-05,3.8100228360225507e-08,4.2835213416552606e-10,4.7032893540903986e-09,1.4261541670521596e-08,3.5920357094984135e-08,1.8373306052363051e-10,5.1534647407544619e-06,8.1131444032348211e-08,2.4047192536542881e-08,3.8383187774375322e-09,5.4291117339876189e-12,1.4437519629484523e-06,2.4896570297463857e-10,9.1067076100631699e-11,3.3488987480048169e-08,6.0838449402399366e-10,2.6986866627144563e-07,2.7390600007406247e-09,0.69161106743863909,0.0,1.2365540945534215e-07,1.5630493559465892e-05,1.8683967649289871e-06,2.6507665796700343e-05
0.0093229166666666669,1.5421038383957097,-2.0453245541020293e-123,1215.3484459379442,101325.00000000001,0.26877970015838293,0.017265433827308406,0.00031509073014738322,4.9905143925477036e-05,0.11131158648692117,0.0001420172495275736,0.095517475756458942,0.00015360360254959866,1.6346721419270929e-05,1.228216443854584e-10,1.157458975698563e-08,2.1434282106605575e-06,1.8101371735071583e-07,0.00093855128913705179,0.038791079612160745,0.026931080924255807,0.014519141347862993,4.7538000384947211e-06,0.00096108134731290979,3.8658528647106776e-07,1.992583167232652e-05,0.00014197281553084013,5.1761313668756275e-10,5.4584862036437347e-05,3.956550387771921e-07,0.00038486724010636887,2.121586925592986e-05,0.00088860859563592474,3.4654156674807196e-07,6.0063724440465757e-05,4.1557602882644621e-08,5.0803946459007465e-10,5.1217106651589788e-09,1.485557535285651e-08,3.6701836913416899e-08,2.1396768167241464e-10,5.3416720357687564e-06,7.4459470913047429e-08,2.507071567399232e-08,3.9564974385981331e-09,7.4067757936920952e-12,1.5015556410000873e-06,2.5637208479105841e-10,1.1804468946254852e-10,3.5213804903468652e-08,6.5118865227886003e-10,2.8056292580676266e-07,3.0621750831007724e-09,0.69145547473804359,0.0,1.3103492756463974e-07,1.5606817423424992e-05,1.8727792337426849e-06,2.7696868810997131e-05
0.0093281249999999996,1.5715649921213573,-2.0453245548174563e-123,1238.0952046188838,101324.99999999999,0.26374116351936144,0.017402554880720272,0.00035028803830048673,5.6500815340486557e-05,0.10898610407930916,0.00016044175757531042,0.097766708437540067,0.00015442515028239677,1.5395612307921716e-05,1.9103682429450863e-10,1.5899957085152142e-08,2.6022338145235975e-06,2.2000041620627699e-07,0.0010199687097453987,0.037297719530901205,0.027766350774300959,0.015113544698262293,5.5152198266472177e-06,0.0009619457260528246,4.6232786640839373e-07,1.9620211946413005e-05,0.00013914966895705873,7.0176121435021447e-10,5.6889284276338008e-05,5.0245699461756676e-07,0.00039437496640707894,2.2935319819342819e-05,0.00088035418130208269,4.2446124909317358e-07,6.3316753984318572e-05,4.5397770965241643e-08,6.0641859749091328e-10,5.5746610290749218e-09,1.5480171568641148e-08,3.7464390548236671e-08,2.4846141312401965e-10,5.5334459419934925e-06,6.8351759557664484e-08,2.612252571483037e-08,4.0817987853694151e-09,1.0070276276536175e-11,1.5608635439124749e-06,2.6835117328011058e-10,1.5238708112544364e-10,3.7012720593212965e-08,6.9815185697546819e-10,2.9142709626731122e-07,3.4236233564814895e-09,0.69130767360098477,0.0,1.3878179950521406e-07,1.5476287157072896e-05,1.8769172122953745e-06,2.8871692747589292e-05
0.0093333333333333324,1.6010284360407312,-2.045324555519125e-123,1260.831861167688,101325.0,0.2588876873168027,0.017535101589013682,0.00038899446903574382,6.38605717455895e-05,0.10663739183296229,0.00018131719738606142,0.10001890492686036,0.00015516400579401211,1.4406411108578526e-05,2.9640839331004173e-10,2.1770020128935831e-08,3.1497868930346099e-06,2.6674113676013892e-07,0.0011041645186588829,0.0357981593262863,0.028607285525814371,0.015722721406649709,6.3697608709121547e-06,0.0009611470550025974,5.5116161138973541e-07,1.9322679255152395e-05,0.00013599553594201375,9.4669427054332114e-10,5.9289833036523322e-05,6.3470719843159282e-07,0.0004034715922499183,2.462885189615436e-05,0.00086760775787496423,5.170339429232427e-07,6.6607409276030934e-05,4.9664297725832233e-08,7.2860645047731117e-10,6.064746620317797e-09,1.6135952237162526e-08,3.8204820768216246e-08,2.8769471854187807e-10,5.7288994907456397e-06,6.2765036428951531e-08,2.720273241148837e-08,4.2145606105773477e-09,1.3643850960525847e-11,1.6216930926462734e-06,2.8529661187973406e-10,1.9576831285645957e-10,3.888528539360045e-08,7.4974514419404061e-10,3.0243964930045481e-07,3.8273375841306543e-09,0.69116776081283204,0.0,1.467541248387326e-07,1.5234461090833309e-05,1.8818939729726631e-06,3.0019119596639045e-05
0.0093411458333333315,1.6451496667153613,-2.0453245565454875e-123,1294.8614736008851,101325.0,0.2519447352056168,0.017723549005015417,0.00045384211565774449,7.6418502874805449e-05,0.10309125871856516,0.00021757462266443287,0.10338297100146251,0.0001560274120813617,1.2873833359320591e-05,5.6192709632861763e-10,3.4451302426762832e-08,4.1569971415200197e-06,3.5350952182954728e-07,0.0012337762791172744,0.033551870910822151,0.029870741598323716,0.016659755957962045,7.8281733296921809e-06,0.00095683390785992128,7.1156010185796136e-07,1.8871553799527916e-05,0.00013069481351939979,1.4625090122491916e-09,6.3061915099862936e-05,8.8806654926594252e-07,0.00041609048628046938,2.7046940649967239e-05,0.0008401405790181151,6.860589034528923e-07,7.1548111945789024e-05,5.6916344934327e-08,9.6757427122819653e-10,6.870736143657329e-09,1.7173923038836174e-08,3.9263090558115794e-08,3.5623165567741496e-10,6.0278495919479681e-06,5.5312484118707546e-08,2.8868812495044622e-08,4.4272602371284327e-09,2.1227381895642052e-11,1.7153936006077315e-06,3.2081490363039594e-10,2.8081837531648868e-10,4.1815969768952221e-08,8.3635540851395454e-10,3.191140523732207e-07,4.5166702256539784e-09,0.69097370229320432,0.0,1.5875756502945696e-07,1.4662934346418648e-05,1.8918953545661919e-06,3.1654706605897409e-05
0.0093489583333333324,1.6890457388174351,-2.0453245575415819e-123,1328.6932963915217,101325.0,0.2453971646937737,0.01789869048023204,0.00052810231214084975,9.1135281455059387e-05,0.099508249095798335,0.00026092250525031958,0.10673862069472279,0.00015645446983990149,1.1310239842585673e-05,1.0538892041363302e-09,5.391848420890794e-08,5.4328149428492218e-06,4.6458045017592799e-07,0.0013651354277095043,0.031306589070277967,0.031137374800110657,0.017628718119442357,9.5160277834314986e-06,0.00094876578244618094,9.1046229983697289e-07,1.8381277689223774e-05,0.00012474997863412692,2.2305977144424906e-09,6.7067958752330023e-05,1.2226612113541205e-06,0.00042713839951382499,2.9214975050210645e-05,0.00080286376233487363,8.9787498583277485e-07,7.6427824422106353e-05,6.5381162104615147e-08,1.3030837625133922e-09,7.7747720459331064e-09,1.8281853747974321e-08,4.0252554451303925e-08,4.383042005595631e-10,6.3356326922789758e-06,4.8788176802703521e-08,3.0597637174929907e-08,4.6580538008903954e-09,3.269123405984633e-11,1.812531939742083e-06,3.7120567718641902e-10,3.9706381011667055e-10,4.4896233228114852e-08,9.3617261353778048e-10,3.3595665203548097e-07,5.3237055283586232e-09,0.69079776322217101,0.0,1.7034013812056979e-07,1.3848652607074404e-05,1.9061167215598592e-06,3.3144034098019431e-05
0.0093567708333333333,1.7325664250310204,-2.0453245585101599e-123,1362.2143122778025,101324.99999999999,0.23923311424345803,0.018058395356489454,0.00061269246661780393,0.00010832856858609688,0.095898536873818316,0.00031247588026702593,0.1100757498772527,0.0001562990700046865,9.757866307133766e-06,1.946348007642436e-09,8.324433517841346e-08,7.018432400560077e-06,6.0439542838453689e-07,0.0014947323407910325,0.029072476591281371,0.032400488579182284,0.018628907960210859,1.1437437285165998e-05,0.00093693855001237604,1.1531629777169286e-06,1.782393063319503e-05,0.00011823567006046032,3.3547247944496454e-09,7.1310453943234476e-05,1.6523339456287117e-06,0.00043613482587611345,3.1013015979090626e-05,0.00075646267426939581,1.1579455204950799e-06,8.1138281909133944e-05,7.5233323796500249e-08,1.7759499034009357e-09,8.7861706884973007e-09,1.9457331148003082e-08,4.1160425674679675e-08,5.3578006642636416e-10,6.6526981444391314e-06,4.3069082767421253e-08,3.2388730998303271e-08,4.9076309247331625e-09,4.9733464673827791e-11,1.9131206472572795e-06,4.3990411097959909e-10,5.5212314475908623e-10,4.8108694570866669e-08,1.0511711171354732e-09,3.5284146553654444e-07,6.2641377297143095e-09,0.6906404375409928,0.0,1.8080868590850505e-07,1.2815329594119018e-05,1.9234408616109653e-06,3.4429352960511111e-05
0.0093645833333333324,1.7755536763086881,-2.0453245594567248e-123,1395.3064883407917,101324.99999999999,0.23344125214973327,0.018200354203705183,0.00070847115000478996,0.00012835341490359192,0.092273434677632965,0.00037345452500034019,0.1133833994311331,0.00015542710999052022,8.2630696301696724e-06,3.5306258371930572e-09,1.2653267232633722e-07,8.9488360991725825e-06,7.7715355494575805e-07,0.0016185283387404527,0.026860645943213454,0.03365249819007405,0.019659395268960572,1.3587324529491292e-05,0.00092138142501898277,1.4440513397065037e-06,1.717706125790209e-05,0.00011124128333095024,4.9717012039514158e-09,7.5777661704257078e-05,2.1877615936925561e-06,0.00044255266124764537,3.2328571150992447e-05,0.00070208144023087228,1.4705410620246112e-06,8.5555824294663454e-05,8.664808188503725e-08,2.4424239515576749e-09,9.9138885519418697e-09,2.0695348239592798e-08,4.1973280038233815e-08,6.5053949922311089e-10,6.9795199626575416e-06,3.8045627247687454e-08,3.4241189482387308e-08,5.1764952971242076e-09,7.4651889405410466e-11,2.0171284580174258e-06,5.3103149514279e-10,7.537861485575747e-10,5.1427346927323848e-08,1.1834367080600384e-09,3.6961626069597149e-07,7.3542436496156645e-09,0.69050227637568928,0.0,1.8936345415410386e-07,1.1602717753147817e-05,1.9411638347992159e-06,3.5451048812498365e-05
0.0093723958333333315,1.817843236370003,-2.0453245603785249e-123,1427.8480206401066,101324.99999999999,0.22801067821381268,0.018322120217023209,0.00081619302698691574,0.00015160361111598238,0.088645319954966675,0.00044517157303656076,0.11664985539876475,0.00015372436717606749,6.8715595543909388e-06,6.2761271104606131e-09,1.8901555955676923e-07,1.1246702247514705e-05,9.8627783320478582e-07,0.0017321274812694828,0.024683002322812675,0.034884940817630536,0.02071901126820366,1.5949880251807581e-05,0.00090215998040009545,1.7858170245046138e-06,1.6425473752953113e-05,0.00010386927533626533,7.2552363384306478e-09,8.0436704361135498e-05,2.8337733648823943e-06,0.00044584718311398321,3.3067089541183449e-05,0.00064128321209478778,1.8380056422675256e-06,8.9544607338078533e-05,9.9788111491704028e-08,3.3778900511550413e-09,1.1166001388506396e-08,2.1987854182320746e-08,4.2677266140036765e-08,7.8439424437390442e-10,7.3165914163185375e-06,3.3622271094266931e-08,3.6153636500673284e-08,5.4649466085236446e-09,1.104589880623732e-10,2.1244550338033938e-06,6.4914471936210285e-10,1.0092067778983495e-09,5.4816507210195175e-08,1.3351051838660314e-09,3.8610132748107728e-07,8.6103418168202368e-09,0.6903838673263466,0.0,1.9515923775920492e-07,1.0263821382840431e-05,1.9556837182575816e-06,3.6151180634004722e-05
0.0093802083333333324,1.8592666892758534,-2.0453245612865667e-123,1459.7148379277567,101324.99999999999,0.222930819617079,0.018421168444252775,0.00093646048426448557,0.00017851183375159648,0.085027509293818651,0.00052901326059221594,0.11986279836531526,0.00015110345862299321,5.6227617045442964e-06,1.0909479811947426e-08,2.7702084783464544e-07,1.3915639072402289e-05,1.2337599262425236e-06,0.001831013419162491,0.022552021054446109,0.036088525607138107,0.021806346789668828,1.8497198273524273e-05,0.00087937760788534686,2.1785848589104788e-06,1.5562514787683501e-05,9.6232326006627709e-05,1.0416788557398612e-08,8.5226143266435851e-05,3.5866921014837095e-06,0.00044549656526558231,3.3162037054927132e-05,0.00057596694939064978,2.2600186513244221e-06,9.296215784717173e-05,1.1478431265122933e-07,4.6799804619152943e-09,1.2549053990810241e-08,2.3323363191068186e-08,4.3258388460256098e-08,9.3899288464887404e-10,7.6644150304683003e-06,2.9717177328514679e-08,3.81241988518856e-08,5.7730404311584191e-09,1.6098070512661629e-10,2.2348962014213261e-06,7.9872859729834226e-10,1.3239114102173009e-09,5.8230134248579145e-08,1.5082757928111406e-09,4.020895863970792e-07,1.0048023548712254e-08,0.69028580384380311,0.0,1.9739448732305765e-07,8.8600892146217842e-06,1.9630976651163351e-06,3.6477641206404118e-05
0.0093880208333333333,1.8996539562417756,-2.0453245621753471e-123,1490.7823735252828,101324.99999999999,0.2181913204059589,0.018494973071037139,0.0010696747264841088,0.00020954791685479348,0.081434078889493111,0.00062640744172466232,0.12300950237754246,0.00014750962268706482,4.5445183375566423e-06,1.8506086059322668e-08,3.9771866017194197e-07,1.6933451073333327e-05,1.5194286439112411e-06,0.0019108380723921856,0.020480460161423956,0.037253231075061309,0.022919757310678857,2.1188230508762978e-05,0.00085317500912765768,2.6190616175599595e-06,1.4590748343242157e-05,8.8449471489213374e-05,1.4700423793760456e-08,9.0049250908700763e-05,4.4321719234553747e-06,0.00044105107547890896,3.2583332368922189e-05,0.00050824595307237422,2.7329334150400874e-06,9.5667104289591385e-05,1.3170995483710379e-07,6.4699748484593592e-09,1.4067281918891677e-08,2.4686674345084204e-08,4.3702867745717555e-08,1.1157158079774538e-09,8.0234863140111042e-06,2.6261228187942211e-08,4.01505050998978e-08,6.1005208842344452e-09,2.3090935332406901e-10,2.3480987559241158e-06,9.8338676399540054e-10,1.7006904416084148e-09,6.1611682891947499e-08,1.7048954884735955e-09,4.1734844143893816e-07,1.1681128554602571e-08,0.69020864657466541,0.0,1.9542661282267979e-07,7.4552615309379031e-06,1.9596717070837767e-06,3.6388623407050996e-05
0.0093958333333333324,1.938836238960207,-2.0453245630421144e-123,1520.927609522854,101325.00000000001,0.21378192439165988,0.018541101436371551,0.001215989764174493,0.00024521436283750538,0.07787963274493831,0.00073877899020032326,0.12607708017962402,0.00014292500704387174,3.6495036793650283e-06,3.0578619800598151e-08,5.5856339777401218e-07,2.0246466354124892e-05,1.8402321877843258e-06,0.0019677391052159636,0.018481014731872424,0.038368455855103817,0.024057374496652354,2.3968183971924661e-05,0.00082372787659933295,3.099824936666663e-06,1.3521881599654415e-05,8.0641477449506664e-05,2.036850361231253e-08,9.4769613306314033e-05,5.3440512562744425e-06,0.00043218586508502653,3.1342845302163477e-05,0.00044029978113418637,3.2492828602797941e-06,9.752848629976919e-05,1.5054846253281833e-07,8.8909522536983813e-09,1.572172004756355e-08,2.6058760489884369e-08,4.3997577602771306e-08,1.3155662891231179e-09,8.3942697625830022e-06,2.3196640820186351e-08,4.2229713772874498e-08,6.4467235983745142e-09,3.2577518269083246e-10,2.4635055047196534e-06,1.2047400315469031e-09,2.138488155374132e-09,6.4894650133971523e-08,1.9266107576154599e-09,4.3162371687150805e-07,1.352045184795361e-08,0.69015287969883488,0.0,1.8889596546784754e-07,6.1088788415135178e-06,1.9421912701470984e-06,3.5856962692341646e-05
0.0094036458333333316,1.9766493787447073,-2.0453245638923718e-123,1550.0313854634574,101325.0,0.20969235218912316,0.018557321720379431,0.0013752731565323455,0.00028603804225134567,0.074379024256308809,0.00086749122407343479,0.12905276780980174,0.00013737112540944326,2.9344071495762609e-06,4.9134171776470722e-08,7.6637944940323932e-07,2.376618761255949e-05,2.1896607535108907e-06,0.0019986551015136697,0.016565926244664433,0.03942322627657581,0.025217123127106167,2.6768545387094632e-05,0.00079124353901316197,3.6089069939529084e-06,1.237585680105353e-05,7.2925849396113812e-05,2.7675398574497902e-08,9.9210877265529351e-05,6.2846664717399351e-06,0.00041875052463494455,2.9495816376461181e-05,0.00037421625924449222,3.7975399975004997e-06,9.8435711601022372e-05,1.7115684234246673e-07,1.2100961747304803e-08,1.750923149676991e-08,2.7416884914914349e-08,4.4130548744392434e-08,1.5390660845424661e-09,8.7771662044268464e-06,2.0475395955991593e-08,4.4358571967943617e-08,6.8104503616752804e-09,4.517966325431483e-10,2.5802938339100201e-06,1.4611374478606661e-09,2.6314438293423873e-09,6.8003937740120807e-08,2.1745858509222112e-09,4.4464588955176305e-07,1.5572196858164871e-08,0.69011886602628136,0.0,1.7782991311071697e-07,4.870560276895174e-06,1.9082146158989738e-06,3.4873847597766668e-05
0.0094114583333333324,2.0129375643695901,-2.0453245647288709e-123,1577.9809432840457,101324.99999999997,0.2059121744182032,0.018541719511428197,0.0015470774494043091,0.00033255696115235168,0.070947041002597466,0.0010137739994455742,0.13192423795516831,0.00013090921549652114,2.3821536627284607e-06,7.6659039777044833e-08,1.0261067213541891e-06,2.7369529444699211e-05,2.5574574097805625e-06,0.002001602798312243,0.01474656661258388,0.040406460836368306,0.026396741620603088,2.9508001139907463e-05,0.00075595782899534278,4.1298217425440596e-06,1.1179130431733701e-05,6.5411951155667155e-05,3.6828022305792676e-08,0.00010316223077152788,7.2068835008399817e-06,0.00040080781719462386,2.7137498127763726e-05,0.00031184285909142479,4.3622068784551583e-06,9.8308042001158636e-05,1.9322905530242676e-07,1.6259697116851607e-08,1.9421514584345164e-08,2.8734996896276509e-08,4.4091523260524311e-08,1.7861652117500547e-09,9.1724714150627914e-06,1.8057648889381169e-08,4.653349954904051e-08,7.1898218671890485e-09,6.1557019891376889e-10,2.6973145193130899e-06,1.7464110911154579e-09,3.168259490228933e-09,7.0858101432318966e-08,2.4492901314014986e-09,4.561386386920213e-07,1.7836231808960232e-08,0.69010680482521936,0.0,1.6269529382568287e-07,3.7759911170761887e-06,1.8562465969745944e-06,3.3451371520745729e-05
0.0094192708333333333,2.0475572792554546,-2.0453245655488603e-123,1604.6726521776791,101324.99999999999,0.202430684549466,0.018492816897004188,0.0017306258553883907,0.00038530105438803547,0.067598066400411494,0.0011786409556753328,0.13467992819903038,0.00012363838158336047,1.9664745881039952e-06,1.1598372117555291e-07,1.339324167243649e-06,3.090361363587986e-05,2.9297582217230043e-06,0.0019758811582923997,0.013033022414321712,0.041307287232689581,0.027593803964546533,3.2094573118926315e-05,0.00071813359473065234,4.6421484276906889e-06,9.9622912840634593e-06,5.819670398453459e-05,4.7935081171327212e-08,0.0001063904961055919,8.0578269726153755e-06,0.00037865454793567207,2.4395021852788069e-05,0.00025466596948943903,4.9242817935226455e-06,9.7102477045597475e-05,2.1626613201055966e-07,2.1508020493989608e-08,2.1444173834125494e-08,2.9984439770531727e-08,4.387253141795709e-08,2.0561758430362259e-09,9.5803271132415128e-06,1.5910242607849596e-08,4.8750687323431167e-08,7.5821209573357464e-09,8.2357135055153404e-10,2.813041206258053e-06,2.0490231220758708e-09,3.732068787154778e-09,7.3372480163080283e-08,2.750263405769707e-09,4.6582949263939573e-07,2.0304261352833283e-08,0.69011669601831627,0.0,1.4437539109176306e-07,2.8451659895836083e-06,1.7858401320743053e-06,3.1623460678425994e-05
0.0094270833333333325,2.0803813345860167,-2.045324566357843e-123,1630.0148235084055,101325.0,0.19923677632837034,0.018409686489112703,0.0019248148204773793,0.00044476626337976313,0.064345734926896533,0.0013628003325673274,0.1373093676941379,0.00011569156787744818,1.6574398867678915e-06,1.6998839838980958e-07,1.7027869119668128e-06,3.4195483616169559e-05,3.2897580181968248e-06,0.0019221731535232064,0.011433708574605236,0.042115402416688562,0.028805740830665168,3.4429263705737258e-05,0.00067806198188144549,5.1227144251766989e-06,8.7572871202087655e-06,5.1361263803348386e-05,6.0951262374146971e-08,0.0001086585730715096,8.7839630116084795e-06,0.00035281948468179441,2.1415336894660068e-05,0.00020373244958558792,5.4621225869941416e-06,9.4819060673454814e-05,2.3956175181250937e-07,2.7941270338151506e-08,2.3555970588306909e-08,3.1134977553549071e-08,4.3468454086466945e-08,2.3477392119086696e-09,1.000066689192936e-05,1.4005394068041545e-08,5.1006191324122522e-08,7.9836451355019301e-09,1.0814616605016123e-09,2.9255439089026231e-06,2.3520047865589557e-09,4.3009479095574978e-09,7.5463104861054108e-08,3.0758764844542021e-09,4.7346208025464154e-07,2.2958087931426996e-08,0.69014831362231688,0.0,1.2406591130517558e-07,2.0829333233581152e-06,1.6976254760791727e-06,2.9444863746728738e-05
0.0094348958333333316,2.1113027936692244,-2.0453245671613225e-123,1653.9304905369711,101324.99999999999,0.19631883204889927,0.018292052020265515,0.0021282347677418381,0.00051138174854886687,0.061202599394639852,0.001566565614613841,0.13980348414354571,0.00010722951877700702,1.4264297449723764e-06,2.4113764498043998e-07,2.1073094970219464e-06,3.7066230372602932e-05,3.6189158482931002e-06,0.0018425275302377221,0.0099550416469478334,0.042821460397924983,0.030029858090949848,3.641135642683761e-05,0.0006360668336370857,5.5473238327204924e-06,7.5946042070810244e-06,4.4968936545622122e-05,7.5627129195180053e-08,0.00010974858757617441,9.3368848378792976e-06,0.00032403640065454192,1.8350853819676418e-05,0.00015962105529087811,5.9526854297967168e-06,9.1502931049734833e-05,2.6221237656402633e-07,3.557943966731589e-08,2.5728393329413251e-08,3.2156109798062583e-08,4.2877526484400384e-08,2.6588320298165414e-09,1.0433161176685157e-05,1.2319580913036834e-08,5.3296001452498771e-08,8.3895929573210756e-09,1.3932357832144401e-09,3.0325007057314304e-06,2.6340127036126424e-09,4.8491375926025942e-09,7.7051182733922038e-08,3.4231139435776037e-09,4.7880922734811316e-07,2.5768197110005869e-08,0.69020119030007898,0.0,1.031078324341315e-07,1.4814221468091795e-06,1.593264972237416e-06,2.6988119388442749e-05
0.0094427083333333325,2.1402385596125515,-2.0453245679482922e-123,1676.3599952422603,101325.0,0.19366462907275908,0.018140366944121765,0.0023392086550488274,0.0005854710173381684,0.058179828928961001,0.0017897738057676452,0.14215487257764153,9.843294283932206e-05,1.249477513191938e-06,3.3088258665040247e-07,2.5373593172147929e-06,3.934805510721426e-05,3.8986064276787706e-06,0.0017402179969831753,0.0086012002257267028,0.043417466840339362,0.031263351819834612,3.7945244272970276e-05,0.00059251143286560349,5.892870592722531e-06,6.5007570240862471e-06,3.906441969693012e-05,9.1478581883075705e-08,0.00010948679187467788,9.6789321449987886e-06,0.00029319415096482282,1.5344926429180695e-05,0.00012246327856467942,6.3730740870261392e-06,8.7242814698811319e-05,2.8315895325935176e-07,4.4339507391171426e-08,2.7925698448795485e-08,3.3018603258152655e-08,4.2101735211853277e-08,2.9868153151766582e-09,1.087716669992209e-05,1.0832621918513125e-08,5.5616062988447831e-08,8.7940128808038908e-09,1.7602919955459084e-09,3.131259327657868e-06,2.8715999130292815e-09,5.3489381680173062e-09,7.8067853076955488e-08,3.7874151384519815e-09,4.8168591834307051e-07,2.8692942996648545e-08,0.69027461382499011,0.0,8.2794659107273336e-08,1.0236257590555637e-06,1.4753332363568604e-06,2.4338699004942686e-05
0.0094505208333333333,2.167132379074538,-2.0453245687242552e-123,1697.2632007420177,101325.00000000001,0.19126127274669985,0.017955862959562741,0.002555846249161553,0.00066720900396958723,0.055286954700426071,0.002031720178397564,0.14435800856236986,8.9493183899241381e-05,1.1086673768685706e-06,4.3902935513816513e-07,2.9716533710304731e-06,4.0901963037864658e-05,4.1120148225645207e-06,0.0016194937273528022,0.0073739937867070551,0.043897154569287347,0.032503320038125741,3.8948292210974344e-05,0.00054780562882499214,6.1395792636134301e-06,5.4963947169568214e-06,3.3674286596511398e-05,1.0778952005117656e-07,0.00010776638856594632,9.7877132917239069e-06,0.00026126947575910204,1.2519365042653933e-05,9.2005579330789312e-05,6.7022862932505874e-06,8.216607313214468e-05,3.0126231726241697e-07,5.4016653211828314e-08,3.0105558522837588e-08,3.3696129018741985e-08,4.1147062005088429e-08,3.3285241724796726e-09,1.1331686932827715e-05,9.5269239548082632e-09,5.7962234940210358e-08,9.1898435949747004e-09,2.1805619543592381e-09,3.2189540233717049e-06,3.0424525597343681e-09,5.7731126479499654e-09,7.8458828695600648e-08,4.1626148914253245e-09,4.8196101242330972e-07,3.1678615673066344e-08,0.6903676352659297,0.0,6.4199414109335302e-08,6.8732744510676702e-07,1.3471284981572648e-06,2.1588805539445139e-05
0.0094583333333333325,2.1919570157107975,-2.0453245694919633e-123,1716.6211390754224,101325.0,0.18909516402242674,0.017740561663206721,0.0027761104453873299,0.00075657859166980207,0.052531677216059162,0.002291118554987598,0.14640939130802955,8.0601888242215806e-05,9.9193202003886323e-07,5.632237696028632e-07,3.3848691248549182e-06,4.1633335404211253e-05,4.2459912536091954e-06,0.0014852498309330462,0.0062728520070099185,0.044256310926948345,0.033746772679795416,3.9358866194597648e-05,0.0005024105191295228,6.2730579805716284e-06,4.5952268638495582e-06,2.8808491329537947e-05,1.2365659267022481e-07,0.00010456431660175101,9.6587338949946325e-06,0.00022925113849801371,9.9657434073017891e-06,6.7699521030091376e-05,6.9229957380641585e-06,7.6430787431444944e-05,3.1540729732242365e-07,6.428095345109398e-08,3.2220408631590452e-08,3.4166862465174235e-08,4.0023535302433295e-08,3.680392541061722e-09,1.1795350113740359e-05,8.3868625019065009e-09,6.0330179806192419e-08,9.5690701071715736e-09,2.6478727433055412e-09,3.2926735791400588e-06,3.1289836839546322e-09,6.0975125877520256e-09,7.8188489620039353e-08,4.5410234632942425e-09,4.7956659672077431e-07,3.4660625569683528e-08,0.69047908786949974,0.0,4.805929576086758e-08,4.4866644054021216e-07,1.2124285595828948e-06,1.8830537311053134e-05
0.0094661458333333316,2.214715373432929,-2.0453245702486649e-123,1734.4369162030951,101324.99999999999,0.18715200935491746,0.017497244706231995,0.0029978907741027797,0.00085333145543775167,0.049919744439524079,0.0025660952019920108,0.14830760658076061,7.1940426322136738e-05,8.9191895105296668e-07,6.987185429684366e-07,3.7503198074809452e-06,4.1502743405689529e-05,4.2925579012705371e-06,0.0013426567738716137,0.005294935522671281,0.044493027465107908,0.034990642246610949,3.9143388383828951e-05,0.00045683763287173026,6.2858467046881635e-06,3.8038332741008428e-06,2.4462587973580916e-05,1.3807591849057506e-07,9.9948785665538771e-05,9.3056583091395427e-06,0.00019806539308353435,7.7414515753652047e-06,4.8803944710553845e-05,7.0231692865840069e-06,7.0215670104107787e-05,3.2462273849911447e-07,7.4693955919322659e-08,3.4219499633050581e-08,3.4414888232791142e-08,3.8745064679930818e-08,4.038602957109307e-09,1.2266410697199354e-05,7.3982690818391132e-09,6.2715193521277934e-08,9.9230088443364872e-09,3.1517181515170263e-09,3.3496655858913407e-06,3.121449185361972e-09,6.3035599751297181e-09,7.724299713128402e-08,4.9136737124216583e-09,4.7450399570353022e-07,3.7565930627055438e-08,0.69060761497954981,0.0,3.4736661039543981e-08,2.8488602376555884e-07,1.0752126184340634e-06,1.6149245215123378e-05
0.0094739583333333325,2.2354404048819778,-2.0453245709998632e-123,1750.7357327010745,101324.99999999999,0.1854168786083805,0.017229380873979662,0.0032190786030883143,0.00095695903198467311,0.047454904745853344,0.0028542219765785195,0.15005330498945518,6.3670065373161113e-05,8.0456953137505571e-07,8.3855253540391389e-07,4.043178377120982e-06,4.0530089447415098e-05,4.2498036830871464e-06,0.0011967917443279571,0.0044353577040953931,0.044607845576593579,0.036231798082764478,3.8301213232505869e-05,0.00041164017495592259,6.1782075695834492e-06,3.1222774090221756e-06,2.0620335754502227e-05,1.5006054900463813e-07,9.4075879697914377e-05,8.7581765365009919e-06,0.00016851229869651723,5.8704807966584658e-06,3.4484181008214463e-05,6.9973024642588003e-06,6.370879532642098e-05,3.2819852388842388e-07,8.4745476011101348e-08,3.6051558605241743e-08,3.4431258717405389e-08,3.7329052454056392e-08,4.39924858637056e-09,1.274277810977398e-05,6.5480114120592615e-09,6.5111999268379839e-08,1.0242717873092786e-08,3.6775724393461359e-09,3.3875527702407297e-06,3.0197777585638664e-09,6.3802034158497808e-09,7.5632055471153646e-08,5.2707413140997989e-09,4.6684573296252251e-07,4.0316665523530007e-08,0.69075170489424531,0.0,2.4252044023742838e-08,1.7608607504500658e-07,9.3937602705684239e-07,1.3617888467282057e-05
0.0094817708333333334,2.2541937237473477,-2.0453245717428065e-123,1765.5639398479764,101324.99999999999,0.18387431362694018,0.016941012240218014,0.0034376385583004244,0.0010666794655652568,0.045138933349071625,0.0031525904954571951,0.15164909755173109,5.5923951914012831e-05,7.2783574587449821e-07,9.7418183877066795e-07,4.2436518102571736e-06,3.8791354553464159e-05,4.1220105575326945e-06,0.0010523120868322685,0.0036874970020258041,0.044603778702078753,0.037467066983598987,3.6866324716094442e-05,0.00036739530647641132,5.9580245650865249e-06,2.5453211796384133e-06,1.7256393957757813e-05,1.5876777443429119e-07,8.7175537309715063e-05,8.0579089443829705e-06,0.0001412201823941294,4.3480644720095662e-06,2.3896732165923744e-05,6.8470755364735679e-06,5.7096223130021177e-05,3.2577845415395613e-07,9.3906049247365569e-08,3.7667840301143366e-08,3.4214584876379574e-08,3.5795799000002135e-08,4.7584936599334843e-09,1.3222073748418034e-05,5.8236638372168411e-09,6.7514540805632854e-08,1.0519507095961419e-08,4.20778834435681e-09,3.4045322042692613e-06,2.8336128235882965e-09,6.3250317361874029e-09,7.3389066619298012e-08,5.6021144854802981e-09,4.5673313132833354e-07,4.2834730922762132e-08,0.69090973030584069,0.0,1.636707121383137e-08,1.0603922230151118e-07,8.0846721717999678e-07,1.1293026365238912e-05
0.0094895833333333325,2.2710629447094353,-2.0453245724802466e-123,1778.9871320306563,101324.99999999999,0.18250848593990707,0.016636605582392328,0.0036516713398340038,0.0011814452226676653,0.042971725966713871,0.0034579242240879563,0.15309937673886434,4.8801775282832306e-05,6.6071823984778497e-07,1.0964833427214668e-06,4.3394782851194185e-06,3.6408612791544864e-05,3.9190009544062014e-06,0.00091320201802184205,0.0030433721265882576,0.044486202347712889,0.038693261947612689,3.4905321352651024e-05,0.0003246783591616554,5.6398323364182388e-06,2.0639673942630386e-06,1.4338879388993774e-05,1.6361076842099772e-07,7.9529169408644126e-05,7.2531345361373684e-06,0.00011662212973062237,3.1477485122998727e-06,1.6252659680812176e-05,6.581295594154746e-06,5.0551555501049942e-05,3.1741083359042107e-07,1.0168624237307669e-07,3.902525681682575e-08,3.3771089115374811e-08,3.4167740386191327e-08,5.1127191729534975e-09,1.3701713571475339e-05,5.213271781878515e-09,6.9915816612464427e-08,1.0745501924114038e-08,4.7230000995625542e-09,3.3995292106380912e-06,2.5805548806529329e-09,6.1443648503717862e-09,7.0569589693506168e-08,5.8980590910968192e-09,4.4436968884172081e-07,4.5046904363150899e-08,0.69107998988624952,0.0,1.0687671948515641e-08,6.2277745758876509e-08,6.8547360908670232e-07,9.2128045495466924e-06
0.0094973958333333316,2.2861578902727646,-2.045324573214935e-123,1791.0873681386502,101324.99999999999,0.18130339716417715,0.016320879007138491,0.0038594642971732408,0.0012999736840566235,0.040951449576838064,0.0037667203250519466,0.15441007674618537,4.2367581279190698e-05,6.0264155745406994e-07,1.196942997614667e-06,4.3272634887456776e-06,3.3535192762696948e-05,3.6548429798289474e-06,0.00078261090446190044,0.002494048650757513,0.04426261611034684,0.039907219467855443,3.2511791508769348e-05,0.00028403182663581591,5.2431435079123013e-06,1.6670486665874978e-06,1.1831642659559891e-05,1.6433161334887841e-07,7.144260208168606e-05,6.3932859291942047e-06,9.4954578731536163e-05,2.2293153481302692e-06,1.0857786178906338e-05,6.215092678125974e-06,4.4227308102985855e-05,3.0354646958409231e-07,1.0769192404545299e-07,4.0089223300452861e-08,3.311411434463678e-08,3.246857520775795e-08,5.4586431457476355e-09,1.41790100240995e-05,4.7052130505794341e-09,7.2307793496770574e-08,1.091419767614939e-08,5.2038353681214546e-09,3.3722847841085136e-06,2.2830863951938407e-09,5.8523211377635841e-09,6.7248208886733283e-08,6.1499013209230559e-09,4.3001081486899996e-07,4.6889891790501366e-08,0.69126074966806605,0.0,6.7610137583837555e-09,3.5711598823745702e-08,5.7267647241737774e-07,7.3969652535650639e-06
0.0095052083333333325,2.2996059134741378,-2.0453245739441202e-123,1801.9597034872595,101324.99999999999,0.18024311072357588,0.015998616577241189,0.0040595276521591186,0.0014207997539873473,0.039074737475381746,0.0040754088646860129,0.15558839088126825,3.665070861661265e-05,5.5310310555204386e-07,1.2687831621660247e-06,4.2124459151138424e-06,3.0338617245063872e-05,3.3461602705242883e-06,0.00066278711147362262,0.0020300458152881398,0.043942295307750324,0.041105844152812543,2.9797834634921536e-05,0.00024593339908359537,4.7903552782417175e-06,1.3426326193506525e-06,9.6961974948138293e-06,1.6102190821467349e-07,6.3218600928418981e-05,5.524088120356508e-06,7.6274750953581283e-05,1.5461992892531377e-06,7.1317382981137299e-06,5.7684611312627662e-06,3.8248728100691023e-05,2.8498448541778917e-07,1.116653928184844e-07,4.0835873521158083e-08,3.2263149572368975e-08,3.0722348876050126e-08,5.7934084417068159e-09,1.4651284135275572e-05,4.2881522900323742e-09,7.4681427465749886e-08,1.1020935746010614e-08,5.6326642892082771e-09,3.3233665897498915e-06,1.9649763040856279e-09,5.469039862202347e-09,6.3514101828805028e-08,6.3506404883250534e-09,4.1395088233716199e-07,4.8314693270012363e-08,0.69145028212239201,0.0,4.1492374655011952e-09,2.0017992710667212e-08,4.7158461053010444e-07,5.8486046655506067e-06
0.0095130208333333334,2.3115466714880926,-2.045324574676057e-123,1811.7082848686707,101325.0,0.17931199940279682,0.015674485088419843,0.0042506158685464944,0.0015423460509200566,0.037336914552247025,0.0043805144862365773,0.15664246620727845,3.1649369304845312e-05,5.1151345206208432e-07,1.3077977596869181e-06,4.0079964221956726e-06,2.6984076025730156e-05,3.0103410870645391e-06,0.00055509851139628357,0.0016417159559774536,0.043535861383393035,0.042286158030737764,2.6883987231877417e-05,0.00021076779212442933,4.304564257014694e-06,1.0791006422906265e-06,7.893296180494073e-06,1.5408989463937447e-07,5.5132866905139139e-05,4.6839696327808275e-06,6.0491416064148074e-05,1.0514744128094073e-06,4.6102858444089361e-06,5.2643511872461563e-06,3.2710369177712655e-05,2.6277683025077926e-07,1.1350568794202495e-07,4.1253381756963783e-08,3.1242488524208071e-08,2.8952566151277879e-08,6.1146354068378175e-09,1.5115977070349548e-05,3.9510759714178265e-09,7.7026802957466471e-08,1.1063239297179691e-08,5.9951044935577514e-09,3.2541061755702954e-06,1.6479994763122572e-09,5.018373073114628e-09,5.9465750861616205e-08,6.495412467630341e-09,3.9650878982343529e-07,4.9289730433322753e-08,0.69164690123363026,0.0,2.4741808831040131e-09,1.098302254575766e-08,3.8294538609053571e-07,4.5571799060007106e-06
0.0095208333333333325,2.3221267319489853,-2.0453245754024905e-123,1820.4423015619232,101325.0,0.17849499085384737,0.015352866705521323,0.004431735110622787,0.0016630033827998096,0.035732238691926148,0.0046788054847505161,0.1575810956695548,2.7336089837300692e-05,4.7715526822044181e-07,1.3127440042412988e-06,3.7322171254373013e-06,2.3620716546236585e-05,2.6639207008434815e-06,0.0004601212646254584,0.0013195751761711475,0.043054807939374183,0.043445350932296768,2.3889038125321725e-05,0.00017880652027846923,3.8075969249242595e-06,8.6585232726087102e-07,6.3841792210118827e-06,1.4418511111798692e-07,4.7416284879686946e-05,3.9020330270894023e-06,4.7402632985991677e-05,7.0200536969256644e-07,2.9363365459976236e-06,4.7265895054294467e-06,2.7675396216769021e-05,2.3810972143014353e-07,1.1326629616172594e-07,4.1342259656477448e-08,3.0079673754160841e-08,2.718139614869587e-08,6.4204406906051345e-09,1.5570750588348821e-05,3.6833871298677324e-09,7.933338274915949e-08,1.1040965392131386e-08,6.2810604731955774e-09,3.1664759409504155e-06,1.3495909269749199e-09,4.5254237831898605e-09,5.5205325571956852e-08,6.5817484003695171e-09,3.780132973233655e-07,4.9802367300922622e-08,0.69184899237292674,0.0,1.4359231637945829e-09,5.9059526495241799e-09,3.0682128024773842e-07,3.5021694066246761e-06
0.0095286458333333317,2.3314943924945117,-2.0453245761261723e-123,1828.2720869965365,101324.99999999999,0.1777777930687269,0.015037718979621318,0.0046021388119122132,0.0017812126590327452,0.034254145255005995,0.0049674173928439952,0.15841342593799182,2.3664114338797422e-05,4.4920628371696087e-07,1.2852547043027268e-06,3.4061403409835756e-06,2.0372168787794062e-05,2.3213366078701591e-06,0.00037777354838686866,0.0010545714680482443,0.042511021745008204,0.044580828034870672,2.0921121082380506e-05,0.0001501982618827045,3.3184842272788938e-06,6.9366528679634934e-07,5.1315408141800529e-06,1.3209937910942246e-07,4.0244723126059313e-05,3.1975382599411195e-06,3.6734539054626597e-05,4.6078872260846009e-07,1.8446493334264038e-06,4.1779210159404251e-06,2.3177287678197373e-05,2.1218272971646622e-07,1.1113325699362315e-07,4.111464819284705e-08,2.8803889289505328e-08,2.5429019902729534e-08,6.7094268797687391e-09,1.6013567698112929e-05,3.4750341922364995e-09,8.1590344107555749e-08,1.0956258067553506e-08,6.4851831855896728e-09,3.0629264448098801e-06,1.0817023806692745e-09,4.0142877634844621e-09,5.0833271636837883e-08,6.6096074542401459e-09,3.5878930116886449e-07,4.9858709444555349e-08,0.69205503630818299,0.0,8.1251610065258326e-10,3.1168337535667104e-09,2.4271286798571406e-07,2.6568151370539775e-06
0.0095364583333333326,2.3397950452777962,-2.0453245768471026e-123,1835.305629515907,101324.99999999999,0.1771470841448282,0.014732470235249831,0.0047613139870143917,0.0018955394887945217,0.032895483424025262,0.0052439421894354922,0.15914869551780506,2.0573927728388236e-05,4.267891191714768e-07,1.2293458197677209e-06,3.0510215279419196e-06,1.7331730921278412e-05,1.9941546806994186e-06,0.00030747049116393776,0.00083828423496657637,0.041916335175116427,0.045690250990278271,1.8071103335292516e-05,0.00012497049260760531,2.8524987491880526e-06,5.5478701802050412e-07,4.1002508940900628e-06,1.186647790048758e-07,3.3736230761900335e-05,2.580605340494925e-06,2.8176586946358025e-05,2.9780036094426329e-07,1.1443134289674205e-06,3.6384167328909117e-06,1.9223380678883617e-05,1.8610376273169019e-07,1.0739004182909058e-07,4.0592761857168151e-08,2.7444450612671152e-08,2.3713151656762947e-08,6.9806496238366989e-09,1.6442747892287129e-05,3.3166475811388218e-09,8.3786965281764477e-08,1.0813316589616963e-08,6.6067566143798122e-09,2.9462069685965133e-06,8.5078389534381474e-10,3.5062694531757304e-09,4.6443571110183291e-08,6.5811980871218424e-09,3.3914597809526732e-07,4.9481829183244396e-08,0.69226362718588796,0.0,4.4907303725590445e-10,1.6165357579487071e-09,1.8970594820643695e-07,1.9914942791004886e-06
0.0095442708333333334,2.3471673322673694,-2.0453245775652811e-123,1841.6456844160232,101325.0,0.17659065498805446,0.014439954095984272,0.0049089610723014668,0.0020047343447781385,0.031648735497391493,0.0055064791779900254,0.1597960129764025,1.7999234139041856e-05,4.0902508384324248e-07,1.1506678891370774e-06,2.6863008823809091e-06,1.456178622661705e-05,1.6907652883042822e-06,0.00024827975078200385,0.0006630560608866362,0.041282139172909078,0.046771569903146459,1.5408766637332774e-05,0.00010304115806658566,2.4207616569023857e-06,4.4285088117974255e-07,3.257867295231917e-06,1.0466579515396848e-07,2.7954375216320125e-05,2.0537181727029977e-06,2.1410362191475159e-05,1.8978997782460786e-07,7.0176726216175125e-07,3.1244002879369586e-06,1.579959052822385e-05,1.6081223694310563e-07,1.0237689363781135e-07,3.9806737949204807e-08,2.6029507470046796e-08,2.2048744760783204e-08,7.2335696589397137e-09,1.6856994965492885e-05,3.1996611732480208e-09,8.5913021905396462e-08,1.0618018326924969e-08,6.6491182487084693e-09,2.8191903290661884e-06,6.585814384482552e-10,3.0187183266469207e-09,4.2120011064327351e-08,6.5006313620115465e-09,3.1936740977127957e-07,4.8708777369647926e-08,0.69247348472159775,0.0,2.4286994095444183e-10,8.2507413336385737e-10,1.4662163347035236e-07,1.4764358404056656e-06
0.0095520833333333326,2.3537402310710003,-2.0453245782834597e-123,1847.3875967320507,101324.99999999999,0.17609749909104527,0.014162382737763475,0.0050449698695756249,0.0021077738348863873,0.030506212708087229,0.0057536484424674838,0.16036418017336115,1.5871958834689463e-05,3.9507963074438991e-07,1.0556733198252788e-06,2.3282336651064611e-06,1.2096461109174261e-05,1.4164736792924818e-06,0.00019906251871884247,0.00052206291979628385,0.040619075733627927,0.047823044553135817,1.2981747925069793e-05,8.4237753501826404e-05,2.0303385152807871e-06,3.5269993127220822e-07,2.5749643264819311e-06,9.077616367276071e-08,2.2915855776395301e-05,1.6136031373072129e-06,1.6130802946117974e-05,1.1945912031506187e-07,4.259367717272231e-07,2.6479378572289997e-06,1.2875635844356464e-05,1.3703541421800934e-07,9.6451674415280684e-08,3.879218490615228e-08,2.45850314241925e-08,2.0447874581993471e-08,7.4679967313920784e-09,1.7255398850455657e-05,3.1164019579142105e-09,8.7959155140869328e-08,1.037745143584354e-08,6.6187786214686474e-09,2.6847181022900471e-06,5.0335889522882788e-10,2.5645050348647785e-09,3.7933639515738147e-08,6.3734671041228363e-09,2.9970595894977998e-07,4.7586864939060454e-08,0.692683461115565,0.0,1.2876015119556198e-10,4.1496657247572313e-10,1.1215252457001359e-07,1.0836679973782472e-06
0.0095598958333333317,2.3596311038497522,-2.0453245789988866e-123,1852.6178603858905,101324.99999999999,0.17565784917736807,0.013901354950040863,0.0051693937313937273,0.0022038816375961456,0.029460223595101989,0.0059845717383791679,0.16086156087044695,1.4126073496163965e-05,3.8419447930296637e-07,9.5084965684469142e-07,1.9892180510143956e-06,9.9463116638503106e-06,1.1738685479803496e-06,0.00015859074999532717,0.00040933250805088168,0.039936818086540281,0.048843254422775227,1.0816790163436517e-05,6.8320510548750801e-05,1.6846912270030465e-06,2.8018137172077031e-07,2.0252999674780814e-06,7.7523715003772908e-08,1.8600412158983678e-05,1.2531297257692038e-06,1.2059986551463675e-05,7.4377023059365319e-08,2.5613855250054168e-07,2.2168399216031421e-06,1.0410191593759064e-05,1.1527626174423598e-07,8.9957320425852669e-08,3.7587711667960292e-08,2.3134115478670502e-08,1.8919776484893664e-08,7.6840312448929856e-09,1.763741555001608e-05,3.0601387952432604e-09,8.9917180930360411e-08,1.0099416896103421e-08,6.5244166837133902e-09,2.5454763072305833e-06,3.8119484595218521e-10,2.1520547786629738e-09,3.3941430450825197e-08,6.2062176604700752e-09,2.8037836148622376e-07,4.6169717965335724e-08,0.69289254337252582,0.0,6.7034767192525143e-11,2.0592299162732649e-10,8.4974130590790498e-08,7.8822044466808312e-07
0.0095677083333333326,2.3649446500131281,-2.0453245797115619e-123,1857.4133674100262,101324.99999999997,0.1752631653944892,0.013657892645488535,0.0052824236079293532,0.0022925303738451238,0.028503213185084145,0.0061988282166833501,0.16129599154508426,1.2700236019534331e-05,3.7570598427161251e-07,8.421193888216664e-07,1.6777218273605448e-06,8.1038880556738079e-06,9.6334518684126906e-07,0.00012563690880971294,0.0003197220513034046,0.039243937012353056,0.049831098112185723,8.9226158053118119e-06,5.5006450668895446e-05,1.384338570136894e-06,2.2195067059743353e-07,1.5858434200710255e-06,6.528065525315551e-08,1.4961296970591047e-05,9.6299325063545725e-07,8.9545166153996202e-06,4.5877803422960617e-08,1.527699794062124e-07,1.8350580024349717e-06,8.3555401976938012e-06,9.582660389613111e-08,8.3198573547658141e-08,3.6232668143229583e-08,2.1696574937545917e-08,1.7471007872459603e-08,7.8820079173343935e-09,1.8002830798688496e-05,3.02508845747969e-09,9.1780320243266104e-08,9.791953440802574e-09,6.3759024284392203e-09,2.4039056402234406e-06,2.8711450572995077e-10,1.7857938713997229e-09,3.0186048758811771e-08,6.0058667157803932e-09,2.6156426208261882e-07,4.4513543743608763e-08,0.69309985177411704,0.0,3.4329061914300141e-11,1.0094971708785677e-10,6.3826862138642494e-08,5.6869613343548823e-07
0.0095755208333333335,2.3697726372618497,-2.0453245804214856e-123,1861.8412493782589,101324.99999999999,0.17490608324289328,0.013432498220502759,0.0053843630801825347,0.0023734276669271658,0.027627873126137174,0.0063963934016310238,0.16167472887360382,1.1539368571647892e-05,3.6905177488801263e-07,7.3445000129044465e-07,1.3986413278546932e-06,6.5492667911715467e-06,7.8367599431956675e-07,9.9036759739163188e-05,0.00024886707176137424,0.038547844290012775,0.050785783476903434,7.2936799137043981e-06,4.3991666215433731e-05,1.1275921038588252e-06,1.7530424765096662e-07,1.2366864896554559e-06,5.4273231770315668e-08,1.1935032196322113e-05,7.330542927120588e-07,6.6079557537058842e-06,2.8078397320300634e-08,9.0462225440684298e-08,1.5033315889102298e-06,6.6614571064091691e-06,7.8797196388335976e-08,7.6428436668271588e-08,3.476525337483328e-08,2.0288811291048428e-08,1.6105699523391249e-08,8.0624441874092231e-09,1.8351713541422279e-05,3.0063829932017043e-09,9.3543341411985839e-08,9.4629258230755147e-09,6.1834522900194051e-09,2.2621455095230536e-06,2.1593987392560787e-10,1.4668458144805107e-09,2.6696516111198236e-08,5.7794460975149384e-09,2.4340677183790079e-07,4.2673924639068628e-08,0.69330463525850228,0.0,1.7320690641207872e-11,4.8946904180707912e-11,4.7569029480316035e-08,4.0736813596324638e-07
0.0095833333333333326,2.3741942487017744,-2.0453245811314092e-123,1865.9591846926287,101325.00000000001,0.174580331302311,0.013225225028034785,0.005475605094033332,0.0024464907063808049,0.026827224385783138,0.0065775695596071489,0.16200442717725999,1.0595370512618136e-05,3.6376864667876212e-07,6.3166967421725815e-07,1.1539123372184501e-06,5.2549505876990674e-06,6.3254989025222948e-07,7.7728474399689655e-05,0.00019311162054170305,0.037854799636577771,0.051706810277442741,5.9141465314416753e-06,3.4970068836527779e-05,9.1126552990248498e-07,1.3804572086958875e-07,9.6086432839289683e-07,4.460357145251133e-08,9.4496703142904468e-06,5.5330270976947961e-07,4.8498042555229696e-06,1.7076430455954449e-08,5.3231662829899007e-08,1.2199452827644831e-06,5.2782206190984821e-06,6.4156352634832694e-08,6.9843201913285495e-08,3.3221070996199618e-08,1.8923885537388097e-08,1.482586218781437e-08,8.2259947925879178e-09,1.8684364876372425e-05,3.0000062789252987e-09,9.5202615671480222e-08,9.1197006905206596e-09,5.9569727269461814e-09,2.1220078183195503e-06,1.6283979498466073e-10,1.193826820820635e-09,2.3489534319226569e-08,5.5336962914233986e-09,2.260145597893533e-07,4.0703317439722354e-08,0.69350626442934793,0.0,8.623228061428278e-12,2.3498955117696489e-11,3.5204712963699756e-08,2.8996018104087342e-07
0.0095911458333333317,2.3782768737912368,-2.0453245818385812e-123,1869.8160380485497,101324.99999999997,0.174280629162838,0.013035753925268066,0.0055566108030313567,0.0025118138420988159,0.026094675161234936,0.0067429143977024847,0.16229113893892649,9.8271859272223106e-06,3.5948472521574784e-07,5.3645233664619272e-07,9.4321649986930934e-07,4.1898294461434988e-06,5.0703335319275002e-07,6.0772677213883909e-05,0.00014942882853000757,0.037169965580199762,0.052593947301667686,4.7615992731544663e-06,2.7647752240788402e-05,7.3129231610406082e-07,1.083828929922261e-07,7.4411193078203606e-07,3.6277062179187684e-08,7.4312235721888406e-06,4.1447645554512059e-07,3.5423539584482289e-06,1.0335048777078144e-08,3.1154878416611293e-08,9.8148273699041265e-07,4.1587567037708915e-06,5.1770176308986286e-08,6.358403636787613e-08,3.1632144518988278e-08,1.7611742669563491e-08,1.3631718331341725e-08,8.3734129562111537e-09,1.9001267089972836e-05,3.0027093576658935e-09,9.675609471546952e-08,8.7689187232584076e-09,5.7056046370374731e-09,1.984974679473553e-06,1.236223106150552e-10,9.6362427628058472e-10,2.0571218384994384e-08,5.2748202354038619e-09,2.0946499316151796e-07,3.8649308687120627e-08,0.69370422286139688,0.0,4.242240893119506e-12,1.118225054986142e-11,2.5892087857066181e-08,2.052479438262386e-07
0.0095989583333333326,2.382077181633238,-2.0453245825430016e-123,1873.4527072857959,101324.99999999999,0.1740025751276729,0.012863470085201764,0.0056278907156980095,0.0025696333002879173,0.025424057274501387,0.0068931733562957592,0.16254033201487655,9.2004337221991554e-06,3.559084777259652e-07,4.5042166636613257e-07,7.6466881229626217e-07,3.3221267906459413e-06,4.0393268406857027e-07,4.7358337178265807e-05,0.00011533869871200281,0.036497494967281975,0.053447205871701597,3.8101867886824865e-06,2.1752877559503873e-05,5.8321998643277619e-07,8.4849481348620542e-08,5.7458172113224984e-07,2.9230180395482471e-08,5.8082562628168869e-06,3.0839830264096933e-07,2.5764680837806198e-06,6.2336230994075066e-09,1.815040937850975e-08,7.834999879944503e-07,3.2600107884514464e-06,4.143952391387635e-08,5.7742882762431864e-08,3.0026355363356843e-08,1.6359532374086204e-08,1.2522034667721572e-08,8.5055179786540488e-09,1.930303614047747e-05,3.0119141467544761e-09,9.8203224017679696e-08,8.4163590980057281e-09,5.4374514302979269e-09,1.8522137424105087e-06,9.4837064989951627e-11,7.7208208296869791e-10,1.7939016829917503e-08,5.0083272159101873e-09,1.9380789083088816e-07,3.6553579179641757e-08,0.69389809730126417,0.0,2.0649986325393698e-12,5.2794890595851541e-12,1.8938098900322677e-08,1.4458581644109751e-07
0.0096067708333333335,2.3856423390032337,-2.045324583247422e-123,1876.9030718986742,101324.99999999999,0.1737425316625947,0.012707535713261976,0.0056899882033806595,0.002620292296502535,0.024809644591002485,0.0070292189888105814,0.16275691808845327,8.6867764043683102e-06,3.5281652778273839e-07,3.7432340998015403e-07,6.1541655308761389e-07,2.621406163679774e-06,3.2005666252803799e-07,3.6798999976739321e-05,8.8828149502964381e-05,0.035840637546751007,0.05426681144698936,3.0330733901689988e-06,1.7041520647760238e-05,4.6257534005717921e-07,6.6245263090904671e-08,4.4254467382924526e-07,2.3355467318965767e-08,4.5148435096647825e-06,2.2810355057545245e-07,1.8670388785356286e-06,3.7522353501604838e-09,1.053351363000227e-08,6.2107633739338974e-07,2.5436819854301886e-06,3.2930913596313466e-08,5.2370642991898502e-08,2.8427236230817192e-08,1.5171979212250543e-08,1.1494437487400683e-08,8.6231686705503086e-09,1.959037968170141e-05,3.02561386919928e-09,9.9544807966351564e-08,8.0668838809049324e-09,5.1594572507132152e-09,1.7246051908803456e-06,7.3756239964899599e-11,6.1455445740231521e-10,1.5583639742294507e-08,4.7389552747996673e-09,1.7906953048137305e-07,3.4451469800657419e-08,0.6940875672842336,0.0,9.958203572585544e-13,2.4753254286210254e-12,1.3784767011406446e-08,1.0143046262846892e-07
0.0096145833333333326,2.3890112654014173,-2.0453245839518423e-123,1880.1949610979727,101324.99999999999,0.173497514646105,0.012566955750719727,0.0057434653339126411,0.002664208864899811,0.024246156980667,0.007151999321539552,0.16294528799148691,8.2631638823192044e-06,3.5004161175679334e-07,3.0822373378084027e-07,4.9211799134082113e-07,2.0597940188189448e-06,2.5239069247669439e-07,2.8523082961404766e-05,6.827661285401696e-05,0.035201854603317428,0.05505317475148943,2.4041925956562156e-06,1.3300214077024045e-05,3.6511171980438749e-07,5.158933847918129e-08,3.4009322103491952e-07,1.8521971942411745e-08,3.4922022945822787e-06,1.6782715556412031e-07,1.3486080088124693e-06,2.2571368521694137e-09,6.0936877051569471e-09,4.8922994810005811e-07,1.9764684766405535e-06,2.6000330698852273e-08,4.7486050675608853e-08,2.68540393681583e-08,1.4051765924385799e-08,1.0545698877378452e-08,8.7272419160166737e-09,1.9864061631121479e-05,3.0422766930853224e-09,1.0078284300021014e-07,7.7244456042003156e-09,4.8773965122054307e-09,1.6027753561063197e-06,5.8290180358140707e-11,4.8631914100199192e-10,1.3490864310606935e-08,4.4706562560700726e-09,1.6525663468130569e-07,3.2372013235071463e-08,0.69427239460407508,0.0,4.7629752988584567e-13,1.1535022325745049e-12,9.9913339842161189e-09,7.0903696297247188e-08
0.0096223958333333318,2.3922158477931936,-2.0453245846562627e-123,1883.3510831358312,101325.0,0.1732650905564745,0.012440634919562855,0.0057888909359742231,0.0027018478072634612,0.023728753113885521,0.0072624958036834964,0.16310935057727871,7.9110493047049053e-06,3.474614933565189e-07,2.517032022006435e-07,3.9129649503949662e-07,1.6126002447911883e-06,1.9819911833908904e-07,2.2061076090518483e-05,5.2389089778851084e-05,0.034582933362538919,0.055806863540239497,1.899381580734193e-06,1.0346012766953173e-05,2.869582560153981e-07,4.008262865770754e-08,2.6085946632745546e-07,1.4590697354597516e-08,2.6893243407782035e-06,1.2290667474617193e-07,9.714232496660907e-07,1.3587161667900381e-09,3.5161979826465809e-09,3.832054080119047e-07,1.5299652418942167e-06,2.0410103615658253e-08,4.3084138219761336e-08,2.5321999341161419e-08,1.2999903958488788e-08,9.6719871813493881e-09,8.8186156341211152e-09,2.0124873455371154e-05,3.0607570289767415e-09,1.0192033353813383e-07,7.3921403055966372e-09,4.5959379831673166e-09,1.487132981337578e-06,4.6877467653768519e-11,3.8286047371430899e-10,1.1643135126292295e-08,4.2066266462239984e-09,1.5236014242957809e-07,3.0338294234759289e-08,0.69445241298687754,0.0,2.2619101058326119e-13,5.3467798340201411e-13,7.2152654641786746e-09,4.9415426704517132e-08
0.0096302083333333326,2.3952820649386886,-2.0453245853606831e-123,1886.3898788137317,101324.99999999999,0.17304328403625197,0.012327425488261849,0.0058268307571788074,0.0027336973976760013,0.023253015026535095,0.0073616905383159202,0.16325257276062163,7.6156398511957978e-06,3.4498925467228339e-07,2.0402782459131601e-07,3.095822244324835e-07,1.2585096976413552e-06,1.5507350505635258e-07,1.7031663915450679e-05,4.0137494991707073e-05,0.033985095473719674,0.056528575817290101,1.4970135204453883e-06,8.0248714291806209e-06,2.246937557117608e-07,3.1077006019305214e-08,1.9975760573344769e-07,1.1425370310365056e-08,2.0629151757128327e-06,8.9643180264415901e-08,6.980530106740712e-07,8.1954743145164465e-10,2.0248491287943588e-09,2.9865198333637487e-07,1.1803358011391229e-06,1.593974458730879e-08,3.9143657387545753e-08,2.3842718481564349e-08,1.2016074601395525e-08,8.8690792115257894e-09,8.8981554569470569e-09,2.0373611782157512e-05,3.0802170665222381e-09,1.0296110318265876e-07,7.0722896655527534e-09,4.3187526863198482e-09,1.3779052618575879e-06,3.837402704146229e-11,3.0004327006335683e-10,1.0020917145179393e-08,3.9493686257221046e-09,1.4035864340789565e-07,2.8368015695991621e-08,0.69462751823566737,0.0,1.0675870647698596e-13,2.4670164069065523e-13,5.1940591619780458e-09,3.4352622526918585e-08
0.0096380208333333335,2.3982309934693067,-2.0453245860623518e-123,1889.3262792909352,101324.99999999999,0.17283049691131944,0.012226165893943479,0.0058578395491794832,0.0027602509030531519,0.022814926963267833,0.0074505419056924626,0.16337801909980748,7.3652185145824099e-06,3.425651048467051e-07,1.6428840494229367e-07,2.4386148313287823e-07,9.7949175480197911e-07,1.2094311248063178e-07,1.3128088086630557e-05,3.0710360433746294e-05,0.033409096071910831,0.05721911504685398,1.1782534675059803e-06,6.2090036203774584e-06,1.7536675298805847e-07,2.4049414417263622e-08,1.5275542988224155e-07,8.8992653262674936e-09,1.5768934975099254e-06,6.5148992210901523e-08,5.0058063049589783e-07,4.9596246445167958e-10,1.1642707946535324e-09,2.3171587407639081e-07,9.0785516992848419e-07,1.2391965988315576e-08,3.5633168798093051e-08,2.2424616056080742e-08,1.1098931578219036e-08,8.1325347603333591e-09,8.966704521331056e-09,2.0611061618545755e-05,3.100059609707611e-09,1.0390961097314358e-07,6.7665385457678657e-09,4.0486422654673242e-09,1.2751717465689295e-06,3.195418172154705e-11,2.3420204654971816e-10,8.6037905973337718e-09,3.7007682512233043e-09,1.2922140911232606e-07,2.6474170691610813e-08,0.69479765903417789,0.0,5.012622649102225e-14,1.1338468432430758e-13,3.7289484570842055e-09,2.3831324784807982e-08
0.0096458333333333326,2.4010796846529137,-2.0453245867640205e-123,1892.1723611558416,101325.0,0.1726254387366247,0.012135710862759301,0.0058824548927665886,0.0027819925950352564,0.022410850566836199,0.0075299673907793232,0.16348838987805456,7.1505533751086351e-06,3.4014967112406614e-07,1.3150645232330317e-07,1.9135568061227834e-07,7.605425212496989e-07,9.4060970540114683e-08,1.0105532231231608e-05,2.3470468243137434e-05,0.032855311642214786,0.057879367674019626,9.2705318889718683e-07,4.7937435555303943e-06,1.3648002580630279e-07,1.8579965638331133e-08,1.1667658596709184e-07,6.8989552951503791e-09,1.2016471219249308e-06,4.7200176810695117e-08,3.5834178697371015e-07,3.014985370745824e-10,6.6873015684794278e-10,1.7906968038361638e-07,6.9639659598619585e-07,9.5951182739135464e-09,3.2515763500432762e-08,2.1073396297597846e-08,1.0246361562320111e-08,7.4578359779571127e-09,9.0250758546593379e-09,2.0837984309511682e-05,3.1198721557544604e-09,1.0477077975708289e-07,6.4759573870131966e-09,3.7876715555846852e-09,1.1788949684056267e-06,2.7028730212524161e-11,1.8216926206123838e-10,7.3712991127819485e-09,3.4621806421311263e-09,1.1891099790992305e-07,2.466574559657925e-08,0.69496282852878177,0.0,2.3433595112493071e-14,5.1941846794039026e-14,2.67097325916792e-09,1.650415921778761e-08
0.0096536458333333318,2.40384191247434,-2.0453245874684409e-123,1894.937900551661,101324.99999999999,0.1724270682660845,0.012054953966949222,0.0059011925640169351,0.0027993877078073773,0.02203749805901991,0.0076008323342369065,0.16358605706611121,6.9643977569959071e-06,3.3771863725740396e-07,1.0470927084191977e-07,1.4965018338177879e-07,5.8934298563509142e-07,7.2975825569074419e-08,7.7699237916379373e-06,1.7919691715018027e-05,0.032323816164606105,0.058510283093401637,7.2998077310105487e-07,3.6942847793939066e-06,1.0595394760777416e-07,1.4333367940168732e-08,8.9032967967775363e-08,5.32583141612872e-09,9.13186890476933e-07,3.4103633909116622e-08,2.5613905903730629e-07,1.8432502340650962e-10,3.8384606394628162e-10,1.3789949081570402e-07,5.3291266595923242e-07,7.4031667188621205e-09,2.9752530503509991e-08,1.9792503686988042e-08,9.4557028747291542e-09,6.8404953583497401e-09,9.07404691140052e-09,2.1055109352651684e-05,3.1393814345302345e-09,1.0554984129048973e-07,6.2011419992368466e-09,3.537295039232467e-09,1.0889472617114154e-06,2.3180493257094253e-11,1.4126291115338683e-10,6.3035759465463301e-09,3.2345149196223274e-09,1.0938544123116691e-07,2.2948402648412946e-08,0.69512305674937258,0.0,1.0916500142138807e-14,2.3731386596447775e-14,1.90948506100222e-09,1.1414114807153657e-08
0.0096614583333333327,2.4065288010704178,-2.0453245881646063e-123,1897.6308336393777,101324.99999999999,0.17223454484343553,0.011982843691967669,0.0059145432385354505,0.0028128757014141987,0.021691904677892102,0.0076639433711467855,0.16367309784307019,6.801076638394632e-06,3.3525854816105164e-07,8.2979065706872396e-08,1.166899656989986e-07,4.5588971904091564e-07,5.6497327754406091e-08,5.9682866889483162e-06,1.3670183808524348e-05,0.03181444586399404,0.059112856071007226,5.759585329750786e-07,2.842542102836063e-06,8.2079207983692118e-08,1.1043237834309916e-08,6.7885100925694893e-08,4.0961171977877055e-09,6.9229332470543853e-07,2.4583022985098169e-08,1.8285756397322205e-07,1.134499818729617e-10,2.2025655096491558e-10,1.058660441990859e-07,4.0694332797692621e-07,5.6941198057350902e-09,2.7304959618311627e-08,1.858354516935001e-08,8.7239250590423077e-09,6.2761366100578148e-09,9.1143558824792433e-09,2.1263129246514329e-05,3.1584172187011787e-09,1.0625220060667908e-07,5.9423059463135739e-09,3.2984714126837932e-09,1.0051336425881695e-06,2.0115446730801113e-11,1.0924956607509835e-10,5.3817801073426739e-09,3.0183141421293014e-09,1.0060003770307592e-07,2.1325109693506236e-08,0.69527840388365014,0.0,5.0715553863937634e-15,1.0819836345935868e-14,1.362916351581062e-09,7.8854046834710677e-09
0.0096692708333333335,2.4091493436699065,-2.0453245888635234e-123,1900.2576336174652,101324.99999999999,0.17204718851883793,0.011918394106237531,0.005922970333985725,0.0028228661827418029,0.021371401307969488,0.0077200454471642831,0.16375132554924673,6.6561503946474247e-06,3.3276358842695735e-07,6.5481608806326712e-08,9.0755148360444113e-08,3.5213380624698158e-07,4.3659416415978404e-08,4.5806158479593853e-06,1.0421019569807838e-05,0.031326853408570748,0.059688111530721802,4.5596181394961025e-07,2.184282038768066e-06,6.346613361269358e-08,8.4989400249032166e-09,5.1727544820572365e-08,3.1399508362468257e-09,5.2371428858626508e-07,1.7684256156547567e-08,1.3040695273647884e-07,7.0363629093742955e-11,1.263885001067124e-10,8.1052309873810384e-08,3.1016952203177442e-07,4.3676024574349844e-09,2.5136492322397123e-08,1.7446667918523422e-08,8.0477733395731485e-09,5.7605527656680903e-09,9.1466994543679141e-09,2.1462696653399223e-05,3.1768840497607814e-09,1.0688332055517217e-07,5.6993628550667635e-09,3.0717636874958487e-09,9.2721090255793948e-07,1.7626683321345899e-11,8.4294754310492303e-11,4.5883762129474944e-09,2.8138274742988089e-09,9.2508793374812848e-08,1.9796699855289992e-08,0.69542895438447194,0.0,2.3514910788433166e-15,4.9254876344589045e-15,9.7152811094471089e-10,5.4431766290509011e-09
0.0096770833333333327,2.4117108269263854,-2.0453245895624405e-123,1902.8236156371534,101324.99999999999,0.17186444765118516,0.011860691169403199,0.0059269088003519876,0.0028297368834821193,0.021073587967436875,0.0077698214646666364,0.16382231807061928,6.5261451996182479e-06,3.3023315167350333e-07,5.1479778553367905e-08,7.0425940687190901e-08,2.7164839491064372e-07,3.3684996958340824e-08,3.5131526296140736e-06,7.939433471437521e-06,0.030860552671951036,0.060237091555285463,3.6271375329750582e-07,1.6765926544809946e-06,4.8995222606692855e-08,6.5346431020325853e-09,3.9396000517398294e-08,2.399961688202656e-09,3.9544511706286369e-07,1.2699279064346866e-08,9.2922443254733984e-08,4.4009773144853061e-11,7.2547505890808158e-11,6.1906148294440173e-08,2.360211013281554e-07,3.3420666529150171e-09,2.3213424590992536e-08,1.638088786766307e-08,7.4238825238017935e-09,5.2897456631151733e-09,9.1717317407103587e-09,2.1654423276042156e-05,3.1947395246897952e-09,1.0744862619734694e-07,5.4719975525995592e-09,2.8574243433338569e-09,8.5490322914006931e-07,1.5568387920820796e-11,6.490889149488197e-11,3.907290641828242e-09,2.6210733088010249e-09,8.5065551452184199e-08,1.8362354631429978e-08,0.69557481186561199,0.0,1.0889644086533224e-15,2.2399630674238793e-15,6.9181143133126807e-10,3.7551519709356278e-09
0.0096848958333333318,2.414219174683895,-2.0453245902641092e-123,1905.3331808748655,101324.99999999997,0.17168587280637204,0.011808895613869615,0.0059267646813274399,0.0028338331704451567,0.020796308597940915,0.0078138937826988594,0.16388744373078881,6.408339251352621e-06,3.2767003771864557e-07,4.0336571384949798e-08,5.4543502118287041e-08,2.0933468937723258e-07,2.5953650310557198e-08,2.6928964884957938e-06,6.0458664795456587e-06,0.030414955274531582,0.060760844415501079,2.9039741414597125e-07,1.2857129628856958e-06,3.7771562200138852e-08,5.0203008475563724e-09,2.9992799533925354e-08,1.8296374205613297e-09,2.9810417957159278e-07,9.1058862739902064e-09,6.616746980450748e-08,2.7775336845913978e-11,4.1667106104776247e-11,4.7183704863845677e-08,1.7934093569723442e-07,2.5519660185055447e-09,2.1505339940650058e-08,1.5384368788859302e-08,6.8488649564192985e-09,4.8599505377648474e-09,9.1900641484653546e-09,2.1838879964427876e-05,3.2119778880977739e-09,1.079534279063713e-07,5.2597260185317251e-09,2.6554662942691841e-09,7.8791474921362429e-07,1.3837341959307392e-11,4.9894058906212083e-11,3.3239733558997155e-09,2.4398930890502658e-09,7.8224855980066927e-08,1.7020011120433249e-08,0.69571609472574381,0.0,5.0404857008249803e-16,1.0181779419022001e-15,4.9222839707858789e-10,2.5896255701502216e-09
0.0096927083333333327,2.4166792243961788,-2.0453245909602746e-123,1907.790010230181,101325.0,0.17151109586704752,0.011762243212204079,0.0059229152873854513,0.0028354686504016508,0.020537627432079399,0.0078528269562376327,0.1639478848102163,6.3005947403570992e-06,3.2507913875706385e-07,3.1511283493029249e-08,4.2170903718876664e-08,1.6116935823096972e-07,1.9973186516496229e-08,2.0631753564839815e-06,4.6021302855159329e-06,0.029989400106520812,0.061260415424382215,2.3439682479558983e-07,9.8520993514953122e-07,2.908443958252962e-08,3.8542867349248763e-09,2.2827672193930009e-08,1.3916751780351333e-09,2.244049207601342e-07,6.5209986764540885e-09,4.7090804378215019e-08,1.7694613898382975e-11,2.3951521372784728e-11,3.5896899006648644e-08,1.3610280973310046e-07,1.9450934303726727e-09,1.9985218693986134e-08,1.4454654620147475e-08,6.3193768710778172e-09,4.4676489873025647e-09,9.2022659746765875e-09,2.2016597674573899e-05,3.2286178266501626e-09,1.0840286149298302e-07,5.0619448216132615e-09,2.4657210825504339e-09,7.2593941760146407e-07,1.235993503738481e-11,3.8294724422127816e-11,2.8253906309178706e-09,2.269996240818238e-09,7.1942592160014251e-08,1.5766698468989137e-08,0.69585293243207658,0.0,2.3336693719563665e-16,4.6283346453490747e-16,3.5001068346463177e-10,1.7854910760056526e-09
0.0097005208333333336,2.4190949480801032,-2.0453245916536884e-123,1910.1972169554447,101324.99999999999,0.17133981340065793,0.011720043115686663,0.0059157098400232757,0.0028349265175188175,0.020295807084841896,0.0078871312430491645,0.16400465883536444,6.2012266731099378e-06,3.2246650012740187e-07,2.4551668886749691e-08,3.2556653969650545e-08,1.2399217770763676e-07,1.5355252439104893e-08,1.5801028267986257e-06,3.5020939469661454e-06,0.029583176954489834,0.061736839409621137,1.910716989696381e-07,7.5447308074401638e-07,2.23725585867194e-08,2.9574289646072919e-09,1.7371016952049901e-08,1.0564327088836372e-09,1.6871835619544323e-07,4.6648920445172197e-09,3.3500520153050154e-08,1.1380538889587439e-11,1.3783224014653372e-11,2.7266730133970584e-08,1.0317830419050389e-07,1.4801884868503096e-09,1.8629337104000478e-08,1.3588859401225529e-08,5.8321670600771014e-09,4.1095730746837193e-09,9.208865560210184e-09,2.218806899126372e-05,3.2446935327118861e-09,1.0880184339921304e-07,4.8779710905386178e-09,2.287885974014447e-09,6.6866866400070991e-07,1.1083123236767599e-11,2.9353962889608147e-11,2.3999695399858883e-09,2.1109970009248451e-09,6.6176442575868424e-08,1.4598810968502889e-08,0.69598546239204973,0.0,1.0815255710190883e-16,2.1051003874763493e-16,2.4877728600332655e-10,1.2309968116048673e-09
0.0097083333333333327,2.4214696281294725,-2.0453245923443506e-123,1912.5574662268439,101324.99999999999,0.1711717734704498,0.011681674827175786,0.005905470466125138,0.0028324613696629752,0.020069288420720401,0.0079172665265240909,0.16405863779024948,6.1089010016513757e-06,3.1983866372177928e-07,1.9084092395301254e-08,2.5102057253055461e-08,9.5330467913691906e-08,1.1794840781866523e-08,1.2097656142792988e-06,2.6643926783240602e-06,0.029195545237468871,0.062191134603778057,1.5756629724594371e-07,5.7748806886545729e-07,1.7194723036013327e-08,2.268216618753491e-09,1.3217268135896751e-08,8.0054052609126595e-10,1.2671634276688452e-07,3.3341228948220997e-09,2.3825403747311874e-08,7.3892614072585906e-12,7.942446742976063e-12,2.0683016462569238e-08,7.8146720651954293e-08,1.1248589219876349e-09,1.7417040931556462e-08,1.2783819945090683e-08,5.3841112878483168e-09,3.7827028576535228e-09,9.2103518538999729e-09,2.2353750000488036e-05,3.260248271143421e-09,1.0915503890677834e-07,4.7070742342942498e-09,2.1215616497502419e-09,6.1579718089623342e-07,9.9681725673592953e-12,2.2475707433452421e-11,2.0375108301654672e-09,1.9624441118977004e-09,6.0886194327878204e-08,1.3512326151555365e-08,0.69611382734236338,0.0,5.0210118869466874e-17,9.5851930868839474e-17,1.7677667067822778e-10,8.4877660335673428e-10
0.0097161458333333318,2.4238059973193655,-2.045324593040516e-123,1914.8730683835931,101324.99999999999,0.17100676520492322,0.011646584262343287,0.005892493441525805,0.0028283012874039809,0.019856672180961866,0.0079436464008294135,0.16411056541363434,6.0225558167241441e-06,3.1720222162802164e-07,1.4803052804563933e-08,1.9332882895345312e-08,7.3255854662499928e-08,9.0533507301835188e-09,9.2600444561744174e-07,2.0267449299238464e-06,0.028825748728987393,0.062624297758871336,1.316503564770212e-07,4.4184868519400977e-07,1.3205539515354585e-08,1.7389733409410084e-09,1.0056335006155946e-08,6.0569939367114032e-10,9.5084541072891536e-08,2.3812327679873114e-09,1.6941244295268126e-08,4.842255853112656e-12,4.5840879708812259e-12,1.5670486761970014e-08,5.9141835046269577e-08,8.5381994634700202e-10,1.6330453822788618e-08,1.2036216534127727e-08,4.9722353723408252e-09,3.4842591995807703e-09,9.2071762662509376e-09,2.2514062355490059e-05,3.2753298349611394e-09,1.0946684133341701e-07,4.5485006498718263e-09,1.9662820755277195e-09,5.6702719375751935e-07,8.9863455504421166e-12,1.7192928006769705e-11,1.729083058566364e-09,1.8238443983755907e-09,5.6033927496608274e-08,1.2502976248510537e-08,0.69623817318090553,0.0,2.3368665023556143e-17,4.3716798141648917e-17,1.2559882828775794e-10,5.8535308732122714e-10
0.0097239583333333327,2.4261063462912351,-2.0453245937339298e-123,1917.146051380226,101325.0,0.1708446105737097,0.011614279241136239,0.0058770505918108642,0.0028226500235060685,0.019656702311746918,0.0079666422368187394,0.16416107267538488,5.9413405454323504e-06,3.145635238547202e-07,1.1460955291070019e-08,1.4875331078180285e-08,5.6268639319427824e-08,6.9447632310362857e-09,7.0867209229586921e-07,1.5415399561392423e-06,0.028473027016181804,0.063037300343719946,1.1158871213742913e-07,3.379680278635243e-07,1.0135548033966802e-08,1.3328217187626008e-09,7.6514352683757056e-09,4.5766426536456261e-10,7.1293984538206109e-08,1.699656157328719e-09,1.2044900970280644e-08,3.2012712122759516e-12,2.650696679782882e-12,1.186074577559635e-08,4.4729515507991134e-08,6.4743195980131303e-10,1.5354161632068904e-08,1.1342666701220201e-08,4.5937293811685313e-09,3.2116933356182912e-09,9.1997547016693407e-09,2.2669395427888258e-05,3.2899874082416977e-09,1.0974136037264751e-07,4.4014925903107792e-09,1.8215379544262661e-09,5.22071509944997e-07,8.1159323223498751e-12,1.3141274904670108e-11,1.4669076254634144e-09,1.6946812062542836e-09,5.1584110886163026e-08,1.1566380844687158e-08,0.69635864722788798,0.0,1.0911882097932788e-17,1.9983091486550753e-17,8.9237222989171288e-11,4.0380679870138154e-10
0.0097317708333333336,2.4283726168571507,-2.0453245944300953e-123,1919.3782169440742,101324.99999999999,0.1706851578800711,0.011584324721415403,0.0058593908055895186,0.0028156892009031892,0.019468250898570384,0.0079865871214781555,0.16421069175496589,5.8645691159013807e-06,3.1192849759391061e-07,8.8586483386813151e-09,1.1436000815767544e-08,4.3205257418628598e-08,5.3244752203455067e-09,5.422717752265329e-07,1.1724232019774055e-06,0.028136624315186116,0.063431085572520196,9.6035741666410689e-08,2.5845349308335721e-07,7.7751487409626734e-09,1.0212877067260698e-09,5.8219573864067015e-09,3.4540239005783591e-10,5.3420962341826658e-08,1.2125742150242655e-09,8.5633400940927504e-09,2.1339619598138891e-12,1.5360125011441203e-12,8.969438218878293e-09,3.3810779310783095e-08,4.9050496935959917e-10,1.4474899309718163e-08,1.0699796742759789e-08,4.2459549704243468e-09,2.9626743471374859e-09,9.1884697197828682e-09,2.2820108460665184e-05,3.3042694593627213e-09,1.0998241768702263e-07,4.2653022507302202e-09,1.6867949699713491e-09,4.8065559713794438e-07,7.3402067455811305e-12,1.0037553197076372e-11,1.2442416719789986e-09,1.574428598451878e-09,4.7503626637039311e-08,1.0698147741263541e-08,0.69647539671355652,0.0,5.1159230667734104e-18,9.1600930030091021e-18,6.3408994154481296e-11,2.7867328373828676e-10
0.0097395833333333327,2.4306064627767121,-2.0453245951235091e-123,1921.5711840458669,101324.99999999999,0.17052827666148412,0.011556337906318975,0.0058397415637315249,0.0028075804391735279,0.019290304608437534,0.0080037795741936934,0.16425986833993322,5.7916839032627527e-06,3.0930254525984209e-07,6.8369852927276536e-09,8.7854254672197626e-09,3.3164738345001187e-08,4.0803583176756197e-09,4.1489668404253776e-07,8.9166144365987591e-07,0.027815796179180174,0.063806566300312534,8.3950753799188568e-08,1.9761463078914915e-07,5.9617143450373206e-09,7.8241883633282884e-10,4.4302535043192844e-09,2.6040653588183802e-10,4.000610479242531e-08,8.6473011392278478e-10,6.0881338174718248e-09,1.4333680299146676e-12,8.9224138659147825e-13,6.7778724746473206e-09,2.5545534549715667e-08,3.7133343452443763e-10,1.3681256315579696e-08,1.0104295013879711e-08,3.9264474980261777e-09,2.7350754234177576e-09,9.1736727021934942e-09,2.2966532683666619e-05,3.3182223869270499e-09,1.1019354852211179e-07,4.1392019981573846e-09,1.5615078388096087e-09,4.4251890252484735e-07,6.6460166001678777e-12,7.6623416771982482e-12,1.0552636884133173e-09,1.4625621073852296e-09,4.3761741756120059e-08,9.8939481773669761e-09,0.69658856771031941,0.0,2.4101095113886265e-18,4.2133103341380296e-18,4.5064381276696819e-11,1.9240080104904583e-10
0.0097473958333333319,2.4328093126474695,-2.0453245958141712e-123,1923.7264225389506,101324.99999999999,0.17037385362659566,0.011529983468376781,0.0058183104989223324,0.0027984673739582843,0.019121952513619131,0.0080184870248785536,0.164308972797922,5.7222279671535683e-06,3.0669049790360374e-07,5.2695007760034969e-09,6.7446924038654991e-09,2.5450605647517997e-08,3.1256495285628866e-09,3.1740649593634587e-07,6.7811463552310622e-07,0.027509814505686452,0.064164623434191867,7.4530722775861591e-08,1.5107763470615728e-07,4.5693322789215093e-09,5.9931188124421775e-10,3.3714887388535919e-09,1.9614182148106466e-10,2.9944869705203801e-08,6.164485598411906e-10,4.3284157213904234e-09,9.6943539569793736e-13,5.1969669004768519e-13,5.1183813944965142e-09,1.9292951228094839e-08,2.8092524116244723e-10,1.2963409144748315e-08,9.5529505543616733e-09,3.6329142503058105e-09,2.5269595781241627e-09,9.1556860516096069e-09,2.3108973342456821e-05,3.3318896954394411e-09,1.1037800762492485e-07,4.0224915275224835e-09,1.4451310157544371e-09,4.0741558396755414e-07,6.0228076123137936e-12,5.8460889765446835e-12,8.9496500824030308e-10,1.3585667230441997e-09,4.0330040857357906e-08,9.1495715771940862e-09,0.69669830411597711,0.0,1.141696027912439e-18,1.9458030133660607e-18,3.2033944657108815e-11,1.328967945701666e-10
0.0097552083333333327,2.4349824047804716,-2.0453245965020817e-123,1925.8452792145476,101324.99999999999,0.17022178947986324,0.011504968893319973,0.0057952868948211358,0.0027884775312068807,0.01896237519153612,0.008030949003330845,0.16435830989607064,5.6558236416204159e-06,3.0409660555152681e-07,4.0561852431562943e-09,5.1746691892400119e-09,1.9525199027058383e-08,2.3933320233480197e-09,2.4278953846897873e-07,5.1567804325638794e-07,0.027217971212384225,0.064506105000557437,6.7157174134249024e-08,1.1548466695935584e-07,3.5006896493245199e-09,4.58964805080011e-10,2.5658567660385046e-09,1.4760480345821797e-10,2.2402913928272285e-08,4.3928398710430816e-10,3.077165474181419e-09,6.5965929723060621e-13,3.0360455153608585e-13,3.8627580274270172e-09,1.4565075310255773e-08,2.1239110501462488e-10,1.2312884451052314e-08,9.0426799329464094e-09,3.3632298142409157e-09,2.3365653042185827e-09,9.1348053028841318e-09,2.3247711637718127e-05,3.3453115514029814e-09,1.1053877875650528e-07,3.914502600199205e-09,1.3371267551722039e-09,3.7511479513891844e-07,5.4619441483040552e-12,4.458077088163328e-12,7.5904912245597336e-10,1.2619427113264809e-09,3.7182331944404829e-08,8.4609642630027579e-09,0.69680474702291761,0.0,5.441685054211165e-19,9.0276219191700823e-19,2.277561577048913e-11,9.1831476166169709e-11
0.0097630208333333336,2.4371268294244142,-2.0453245971927439e-123,1927.9289980277758,101324.99999999997,0.17007199636748374,0.011481040112996065,0.00577084316135568,0.0027777240539098385,0.018810834974439052,0.0080413800651807192,0.16440812763093415,5.59215596696988e-06,3.0152455194973168e-07,3.1182791458290897e-09,3.9673950302536414e-09,1.4973908877233112e-08,1.8317157677068619e-09,1.8566978570224408e-07,3.9208770794831676e-07,0.026939580841475696,0.064831825530369536,6.1354479814853569e-08,8.8260183234158923e-08,2.6806859965605344e-09,3.5138415334780607e-10,1.9526205085718841e-09,1.1097508521091198e-10,1.6751009580163473e-08,3.1286487806966828e-10,2.1870881093995974e-09,4.5118668484166807e-13,1.7790565021397708e-13,2.9131848433103496e-09,1.0990903142015972e-08,1.6046456091223329e-10,1.1722353118511098e-08,8.5705447269410739e-09,3.1154294304910926e-09,2.162292521530874e-09,9.1113011998571622e-09,2.3383006547017722e-05,3.3585245946038632e-09,1.1067858644099118e-07,3.8146019036976696e-09,1.2369711236188386e-09,3.4540063609051218e-07,4.9562327551167306e-12,3.3977172347501033e-12,6.4383981237053865e-10,1.1722097585452747e-09,3.4294534187186215e-08,7.8242557702544908e-09,0.69690803407291302,0.0,2.6105037605795498e-19,4.2091166910156961e-19,1.619375527513848e-11,6.3466434251902951e-11
0.0097708333333333328,2.4392435481867989,-2.0453245978834061e-123,1929.9787358563108,101325.0,0.16992439588173583,0.011457977373065049,0.005745136213650053,0.0027663072665935558,0.018666667250096771,0.0080499724310824344,0.16445862484284229,5.5309597601309468e-06,2.9897748257483909e-07,2.3939768754981529e-09,3.0392470020448816e-09,1.1477271809043253e-08,1.4009764857676639e-09,1.4192647130152373e-07,2.9800577837854547e-07,0.026673982339230125,0.065142565924699136,5.6757259572032587e-08,6.7429847920561895e-08,2.0514277043506047e-09,2.6889279246235105e-10,1.485555694613062e-09,8.3342045694435835e-11,1.2515193635985087e-08,2.2261190211760618e-10,1.5533800439556509e-09,3.0981928191095045e-13,1.0450606985523051e-13,2.1951613278609887e-09,8.288660689685071e-09,1.2112700895489237e-10,1.1185453634590567e-08,8.1337614197945597e-09,2.8877009415740179e-09,2.0026890574170783e-09,9.0854216396055156e-09,2.3515096541376308e-05,3.3715619331782794e-09,1.1079990958238439e-07,3.7221925013490852e-09,1.1441585216407092e-09,3.1807186034604961e-07,4.4995837552190462e-12,2.587720566209305e-12,5.4619845003835839e-10,1.0889098915678256e-09,3.1644554950995859e-08,7.2357759297356805e-09,0.69700829912576745,0.0,1.2594596360585365e-19,1.9706037196532698e-19,1.1509950385822557e-11,4.3846468160012169e-11
0.0097786458333333319,2.4413334233363502,-2.0453245985795715e-123,1931.9955748444829,101324.99999999999,0.16977891743248788,0.01143559145225316,0.0057183088002563257,0.0027543160899787494,0.018529272699917811,0.0080568983802633779,0.1645099581379823,5.4720092977075745e-06,2.9645803339869434e-07,1.8349190801875299e-09,2.32554523601717e-09,8.7892759642297726e-09,1.0704553027085316e-09,1.0840102996211845e-07,2.2632082768486035e-07,0.026420540172632092,0.065439073496958017,5.3084976070030627e-08,5.1480492629342151e-08,1.5683204646679243e-09,2.0559445175675601e-10,1.129468731658828e-09,6.2491954610760954e-11,9.3387112630554874e-09,1.5809142984525933e-10,1.1014250198105576e-09,2.1319348965970387e-13,6.1366129851401941e-14,1.6520181861207544e-09,6.2444782963288035e-09,9.1316574171851736e-11,1.0696642178591977e-08,7.7297049735190971e-09,2.6783758155478956e-09,1.8564378279643066e-09,9.0573935492213139e-09,2.3644201179697761e-05,3.3844532661474817e-09,1.1090499593040953e-07,3.6367143561348955e-09,1.0582053569361735e-09,2.9294140804436176e-07,4.0867630403448405e-12,1.9687550429027994e-12,4.6345035267514397e-10,1.0116095849387453e-09,2.9212161256365376e-08,6.6920654035912466e-09,0.69710567187344807,0.0,6.0767557537615975e-20,9.2049483378936065e-20,8.1708248437818076e-12,3.0242160734095506e-11
0.0097864583333333328,2.443397227921027,-2.0453245992702336e-123,1933.9805321439574,101325.0,0.16963549697437413,0.011413720149501965,0.0056904907218731093,0.0027418293014208894,0.018398110389595275,0.0080623123874722299,0.16456224780029505,5.4151095771415108e-06,2.9396831202271387e-07,1.4033519091470214e-09,1.7763089741108974e-09,6.7205783170371999e-09,8.1656069304821494e-10,8.2671622467788959e-08,1.7161286650490814e-07,0.026178644946931708,0.065722062365556,5.0122097711970194e-08,3.9251905574440651e-08,1.1970326081680323e-09,1.5696189076155429e-10,8.5753289372201082e-10,4.6744064871549028e-11,6.9530347144881203e-09,1.1182907341039826e-10,7.78009499034359e-10,1.4649473967619034e-13,3.563756330181197e-14,1.2406826938785729e-09,4.6960227347745358e-09,6.8703614809263866e-11,1.025106640002058e-08,7.35590652252014e-09,2.4859195675480675e-09,1.7223448232073412e-09,9.0274246466328762e-09,2.3770522599761335e-05,3.3972251391385995e-09,1.1099587728818703e-07,3.5576446937551454e-09,9.7865390883939754e-10,2.698358210276801e-07,3.713185195907172e-12,1.495241397085622e-12,3.933197866400414e-10,9.399015038376909e-10,2.6978849667878899e-08,6.189882190493717e-09,0.697200277713244,0.0,2.8464883546578512e-20,4.1413371740509226e-20,5.7819817792732726e-12,2.0765134428631182e-11
0.0098020833333333328,2.447449347253797,-2.0453246006460547e-123,1937.8577660938183,101324.99999999997,0.16935460283630185,0.011371127657593084,0.0056322665486028796,0.0027155922227635361,0.01815314393989886,0.0080690179756673086,0.16466990808930271,5.3070012520706282e-06,2.8908423340482769e-07,8.346048617896757e-10,1.0555620117111392e-09,4.0056408526694526e-09,4.8439278205236713e-10,4.9039407110675807e-08,1.0074294371123886e-07,0.025727981385570448,0.06624924429013905,4.5827170011023146e-08,2.3290625406729451e-08,7.1089424370450416e-10,9.3318132944306713e-11,5.0473977648103161e-10,2.6762447127664869e-11,3.9482779236158064e-09,5.7989188806946781e-11,4.0266047891352856e-10,7.2793256724683226e-14,1.3458185282998719e-14,7.1545965554514164e-10,2.7171080843094667e-09,3.9776877640050952e-11,9.4772003760789479e-09,6.6924434220518563e-09,2.1475470940328671e-09,1.4875028955653536e-09,8.9622781802849926e-09,2.4015244266429091e-05,3.4224684270344222e-09,1.1114044875012178e-07,3.4173515307010839e-09,8.3755125768859887e-10,2.2923844229711546e-07,3.0714631263698423e-12,8.7898869163919384e-13,2.8516219351237578e-10,8.1219097742731649e-10,2.3060791506067309e-08,5.3014993871771439e-09,0.69738146576320359,0.0,7.7551298965531624e-21,1.0697645129936071e-20,3.0018504514468201e-12,1.0256257941146403e-11
0.0098177083333333328,2.4514059606458698,-2.0453246020191241e-123,1941.6203681198317,101324.99999999999,0.1690812212031454,0.011329181212277575,0.0055713756125674958,0.0026881287316788544,0.017927436984129186,0.0080712187801123738,0.16478206129269518,5.2052691701619033e-06,2.8433522172895337e-07,4.9757410943143376e-10,6.295800758601805e-10,2.3976571594747237e-09,2.8850173429865337e-10,2.9218430915027579e-08,5.9426165477036457e-08,0.025316063841786151,0.066731233192462241,4.2821007262351074e-08,1.3893988039356625e-08,4.2374973938484976e-10,5.5706532248751016e-11,2.9846109519412765e-10,1.5387496769946674e-11,2.2535425100943047e-09,3.0330809774464536e-11,2.1037363506753982e-10,3.6796058186792804e-14,5.2982819647986403e-15,4.1461630416576735e-10,1.5788910592770122e-09,2.3128210002050816e-11,8.8293828863506452e-09,6.1228267110499276e-09,1.8604228542668604e-09,1.2889626827215907e-09,8.8914828448695802e-09,2.4251056925252315e-05,3.4474950590913142e-09,1.1124876099699756e-07,3.2968972943658189e-09,7.1658959445123531e-10,1.9482524227444538e-07,2.5428655076319224e-12,5.1882606957216358e-13,2.0709691747666972e-10,7.0201068366869777e-10,1.9739702632929737e-08,4.5418496153105435e-09,0.69755303948535186,0.0,2.2384308805647966e-21,2.9574761210701705e-21,1.5738244464707113e-12,5.1290244120125778e-12
0.0098255208333333337,2.4533497809322786,-2.0453246027070346e-123,1943.46105252192,101325.0,0.16894723470870238,0.011308217691484442,0.005540166441110125,0.0026740659026402757,0.017820732604967273,0.0080709107843029392,0.16483988401028868,5.1564741331414229e-06,2.8201336142307558e-07,3.8111415725377548e-10,4.8247318877137585e-10,1.8408956640913592e-09,2.2091588494414943e-10,2.2381012363672201e-08,4.5280745161086464e-08,0.025123069042378279,0.066957108366172219,4.161424197940969e-08,1.0655705166659273e-08,3.24572968273849e-10,4.2702897104020124e-11,2.277011276259685e-10,1.1553301098719982e-11,1.6861313789563193e-09,2.163235200751907e-11,1.4998416859973351e-10,2.5816830542197319e-14,3.2401689681298823e-15,3.1281764448512403e-10,1.1926233152936499e-09,1.7471708198145787e-11,8.5443939832701449e-09,5.8678465016037732e-09,1.7329627754928913e-09,1.2009981025956333e-09,8.8543583879293548e-09,2.4366093280337834e-05,3.4599764206374312e-09,1.1129299147247407e-07,3.2429653628873488e-09,6.6256351104922314e-10,1.7957197703801022e-07,2.3134391866463668e-12,3.9552303763446966e-13,1.7617102561312451e-10,6.5253860901310189e-10,1.8266068749810894e-08,4.2030149417561595e-09,0.69763556599532806,0.0,1.1308450059199907e-21,1.4486949565822337e-21,1.1252706354553017e-12,3.5681928430224965e-12
0.0098333333333333328,2.4552709974289604,-2.0453246033921934e-123,1945.2749811178885,101324.99999999999,0.1688150136393864,0.011287211393962127,0.0055085295796995816,0.0026598231369828443,0.017717939311606423,0.0080697353219805687,0.16489886372063647,5.1090066261478587e-06,2.7972762338443145e-07,2.9167550581035556e-10,3.6952549033820043e-10,1.4128607092152278e-09,1.6909338648237561e-10,1.7138257648898756e-08,3.4494446252089103e-08,0.024938484370923913,0.067173130704207162,4.0564772719069105e-08,8.1762279477367037e-09,2.4852392839953799e-10,3.2725957340088367e-11,1.7370581401597111e-10,8.6689953949948086e-12,1.2610874121554117e-09,1.5419172668335911e-11,1.0687597353677438e-10,1.8134485730821794e-14,1.9967149265325906e-15,2.3588715897656511e-10,9.0062291589075864e-10,1.3192556748640336e-11,8.2834312123440384e-09,5.6315124258198701e-09,1.6155156272682536e-09,1.1200502677125754e-09,8.8162146852253647e-09,2.4479266192860811e-05,3.472442869742343e-09,1.1133149394356341e-07,3.1929895996108161e-09,6.1263436415192252e-10,1.6554603042019054e-07,2.1053621115219537e-12,3.0140892665261352e-13,1.4993251294448035e-10,6.0664556890535869e-10,1.6909658517410493e-08,3.8901282773266857e-09,0.69771597766159488,0.0,5.7577268598094538e-22,7.1460733427924407e-22,8.047246875847843e-13,2.4819352327228081e-12
0.009841145833333332,2.4571595247332936,-2.045324604080104e-123,1947.0628735805712,101325.0,0.16868450346870384,0.011266134898666465,0.0054765416396848647,0.0026454366008694164,0.01761878121778044,0.0080677726645725662,0.16495906678890698,5.062783094690823e-06,2.7747817509972661e-07,2.2296111251290166e-10,2.8275710277614859e-10,1.0835059233813383e-09,1.2932257520273645e-10,1.3114071959725453e-08,2.6259554512839785e-08,0.024761868411433574,0.067379758466692016,3.9638641336501047e-08,6.2753708319085143e-09,1.9014678627067457e-10,2.506274560736238e-11,1.3244383141849508e-10,6.4974370737277669e-12,9.4229709417373045e-10,1.0972637724573241e-11,7.6040496776129098e-11,1.2731441894961992e-14,1.2349123539316953e-15,1.7770190155589427e-10,6.7963178460452428e-10,9.9521399284721185e-12,8.0443721907297408e-09,5.4123804329747358e-09,1.507263708765448e-09,1.0455173225277711e-09,8.7771781427043178e-09,2.4590686985311313e-05,3.4849026986952924e-09,1.1136511954631404e-07,3.1466627933997303e-09,5.665074807893347e-10,1.5264824626431062e-07,1.9165579069018222e-12,2.2949847711904878e-13,1.2766109269375445e-10,5.640785745909401e-10,1.5660674670559836e-08,3.6012224206523416e-09,0.69779430314996016,0.0,2.9233365124463161e-22,3.5281306198101204e-22,5.7501201625324483e-13,1.7238911660316815e-12
0.0098489583333333328,2.4590474122368269,-2.0453246047680145e-123,1948.8254075165853,101324.99999999999,0.16855571261868132,0.011244899569247823,0.0054442337037231845,0.0026309312644184927,0.01752301616595579,0.0080650738806692743,0.16502022240500916,5.0177286840847877e-06,2.7526462972620095e-07,1.7011067412111649e-10,2.1601335606488142e-10,8.2971155102393172e-10,9.8754592856531924e-11,1.002016022072586e-08,1.9960606009296226e-08,0.024592818715459461,0.067577613728452557,3.8809765926354111e-08,4.8154626645870073e-09,1.452638753199322e-10,1.9166890371100702e-11,1.0084846011735111e-10,4.8595426553788066e-12,7.0269285359552836e-10,7.7791374672993169e-12,5.3902614148491301e-11,8.9132421644231258e-15,7.6416431140155979e-16,1.3361953593154829e-10,5.1206625585866201e-10,7.4942504439898213e-12,7.8252922868202495e-09,5.2090958946241487e-09,1.4074542751513278e-09,9.7685370221308133e-10,8.7373093264606112e-09,2.4700469862769576e-05,3.4973700805574004e-09,1.1139492103258049e-07,3.1037044266303756e-09,5.2390727459618373e-10,1.4078809387845416e-07,1.7451786031183772e-12,1.7446258995274758e-13,1.0874826043974734e-10,5.246048841044595e-10,1.4510264346349991e-08,3.3344954981639926e-09,0.69787081854996269,0.0,1.4611813799998676e-22,1.6958893660785498e-22,4.097370010267278e-13,1.1923463745632838e-12
0.0098645833333333328,2.4627395099873328,-2.0453246061328289e-123,1952.2764028631748,101324.99999999999,0.16830304156148254,0.011202015320182387,0.0053789246468909533,0.0026016719761157922,0.01734105342141715,0.0080576945237526426,0.1651458232181918,4.930962335176604e-06,2.7094635339703677e-07,1.0074889715658263e-10,1.2836305729866086e-10,4.9560013996103227e-10,5.866786238456469e-11,5.9604469083396435e-09,1.1762637075334223e-08,0.024276357093193777,0.067947855671373278,3.7383862575711441e-08,2.9024216946947627e-09,8.6378942261097053e-11,1.1424514921337198e-11,5.9639986643504697e-11,2.7815800920289116e-12,4.0011287520056314e-10,4.0458196361688208e-12,2.803623989969862e-11,4.5420668851251747e-15,3.2415687233189788e-16,7.7219899820846004e-11,2.9728915553298331e-10,4.3456892728365158e-12,7.4420664196553096e-09,4.8464952711144335e-09,1.2311753002450498e-09,8.5570223737462686e-10,8.6555095213011323e-09,2.4915289047194465e-05,3.5223253256025853e-09,1.1144465346938803e-07,3.0271528330207389e-09,4.4855174694067401e-10,1.1993863050468619e-07,1.4496040542400688e-12,1.0270571821145117e-13,7.9463663494574291e-11,4.5431598047752151e-10,1.2481635792615094e-08,2.8627529233650638e-09,0.69801814987432487,0.0,4.3114958180010811e-23,4.8001778786897613e-23,2.1521202503738277e-13,5.9555290132353187e-13
0.0098802083333333329,2.4663502946344562,-2.0453246074976434e-123,1955.6350742059001,101325.0,0.1680566669909858,0.011158371048534208,0.0053130121634069674,0.002572240031850615,0.017169955605080778,0.0080480943011425818,0.16527530006018765,4.8481086652552659e-06,2.6676927105686545e-07,5.9697602611356896e-11,7.6369071097844303e-11,2.9645919926743994e-10,3.4898788159747707e-11,3.5506918001502611e-09,6.9429061793695791e-09,0.023985169378770588,0.068288541136559647,3.6158236158838551e-08,1.7674661880819482e-09,5.1418808933535908e-11,6.818238229339709e-12,3.5325118059727392e-11,1.5942372187076628e-12,2.2822893545651732e-10,2.1078935871909546e-12,1.4613961937735289e-11,2.3230176635526359e-15,1.4198862653684855e-16,4.4715873920643618e-11,1.728997813949764e-10,2.523809460333095e-12,7.1191765074937178e-09,4.5328147232768993e-09,1.0807363454639188e-09,7.523511162217043e-10,8.5715383091312904e-09,2.5124707236618619e-05,3.547375776485542e-09,1.1148633601069524e-07,2.9610066194407049e-09,3.8414658769103598e-10,1.0224980898025303e-07,1.2051800650313596e-12,6.0544577819807391e-14,5.8200036126024745e-11,3.9368006766238928e-10,1.0751343232092748e-08,2.4593655263015031e-09,0.69815877089276246,0.0,1.2779930326573238e-23,1.3781813715591841e-23,1.1346489885263232e-13,2.9855080574094928e-13
0.0098958333333333329,2.4698825135548566,-2.0453246088597062e-123,1958.9059544108006,101324.99999999999,0.16781634995693423,0.011113897273215557,0.005246808725292036,0.002542775125548053,0.017008414366503213,0.0080366101846193454,0.16540825542475152,4.7688019162214285e-06,2.6273040237907345e-07,3.5396798954475232e-11,4.5489519996975851e-11,1.7759336456297722e-10,2.078804675342493e-11,2.1183328288699167e-09,4.1049789788118854e-09,0.023716673921670043,0.06860267348139755,3.5070442834589905e-08,1.0931439204461685e-09,3.0646930597666928e-11,4.0748429173861879e-12,2.0959603079823102e-11,9.1506300017854202e-13,1.3043645364681308e-10,1.1003654468949674e-12,7.6345572101675984e-12,1.1923453248611985e-15,6.4178086905919158e-17,2.5945169387413036e-11,1.0074711378230513e-10,1.4682086950315345e-12,6.8469396295219113e-09,4.2606546077767675e-09,9.5213579790397694e-10,6.6399996908904424e-10,8.4859485491045141e-09,2.5329304555991494e-05,3.572553936485151e-09,1.1152352368233486e-07,2.903714783803385e-09,3.2910004300578363e-10,8.7233935309010921e-08,1.0029295813829501e-12,3.5743061471860437e-14,4.2728654307341085e-11,3.4134071122315263e-10,9.273066232090759e-09,2.1142490512901345e-09,0.69829324912489221,0.0,3.8072842809603575e-24,4.0088191399248287e-24,6.0070667316133448e-14,1.5021413872069974e-13
0.0099114583333333329,2.4733387196817391,-2.0453246102190174e-123,1962.0932299607457,101324.99999999999,0.16758186887306348,0.011068580698800755,0.0051805725098434709,0.0025133875904977355,0.016855324751738163,0.0080235225408718091,0.16554426633606831,4.6927272199866135e-06,2.5882581134964117e-07,2.1005770270818074e-11,2.7129965713677862e-11,1.0654450180622232e-10,1.2400472376616103e-11,1.265725835538797e-09,2.4312836631449011e-09,0.023468552645551182,0.068892950557553095,3.4082130029335023e-08,6.917184028087452e-10,1.8291856743233804e-11,2.4388939693259261e-12,1.2458736854430941e-11,5.2609407963403579e-13,7.4700881031036808e-11,5.7561008399543068e-13,3.9975208849387457e-12,6.1404050829409709e-16,2.9855308766347022e-17,1.5084667354403101e-11,5.8822374239238919e-11,8.5567805861379485e-13,6.617316793935727e-09,4.023777992705548e-09,8.420328545171224e-10,5.8832275395865195e-10,8.3992069862994831e-09,2.552957790008025e-05,3.5978803161694149e-09,1.1155888778237375e-07,2.8539645136501507e-09,2.8205090352888681e-10,7.4479224286835551e-08,8.3543891539743981e-13,2.1133334801756405e-14,3.144703123524416e-11,2.9613816108391116e-10,8.0080796912087545e-09,1.8188236937177025e-09,0.69842209901433427,0.0,1.1374731484855049e-24,1.1799204578582824e-24,3.1940822394503398e-14,7.585892120892787e-14
0.0099270833333333329,2.476721290245643,-2.0453246115783286e-123,1965.2007744498253,101324.99999999999,0.1673530168763924,0.011022447243502318,0.0051145166641382552,0.0024841643998478433,0.016709748985599227,0.0080090655759105286,0.16568290378348324,4.6196136119800799e-06,2.5505103943424294e-07,1.2478410842502296e-11,1.6201833828149717e-11,6.4017034090363998e-11,7.4081560291216467e-12,7.5746952172868289e-10,1.4425556108548365e-09,0.023238726377637929,0.069161793337364733,3.3169308314415596e-08,4.5216136467163685e-10,1.0934079016747891e-11,1.4619973212740062e-12,7.4195277638265121e-12,3.0301060990792114e-13,4.2874601573136738e-11,3.0176399086596881e-13,2.0980062328756271e-12,3.172077238782069e-16,1.4239707640161636e-17,8.7888468165855749e-12,3.4416249284838108e-11,4.9965965421630479e-13,6.4236092292239755e-09,3.8169180721095012e-09,7.4762942997134272e-10,5.2338278070828372e-10,8.31170786674812e-09,2.5725953803456021e-05,3.623366822989027e-09,1.1159439599723851e-07,2.8106446741571918e-09,2.4183297284992236e-10,6.3638099291960695e-08,6.9661487986643247e-13,1.2514946625172128e-14,2.3201672480990628e-11,2.5707813464924416e-10,6.9239538051132664e-09,1.5657878367554237e-09,0.69854578648098953,0.0,3.3927143261148186e-25,3.5098708780424764e-25,1.7059697916970483e-14,3.8451155242081321e-14
0.0099427083333333329,2.4800324661896989,-2.0453246129403914e-123,1968.2321774967365,101324.99999999999,0.16712959976455224,0.010975549359779617,0.0050488168958797404,0.0024551739096997311,0.0165708872982731,0.0079934358645774774,0.16582374647995135,4.5492265023827041e-06,2.5140133181113738e-07,7.4217555839642419e-12,9.6891792393993562e-12,3.8524478459887179e-11,4.432528220006074e-12,4.5402913288245688e-10,8.5745996438132453e-10,0.02302533184303945,0.069411372315883194,3.231656401034939e-08,3.0875761612981369e-10,6.5465142240517176e-12,8.7779643321138732e-13,4.4268966260998826e-12,1.7486017200374566e-13,2.4663948228141049e-11,1.5855854434742062e-13,1.1036854616353849e-12,1.6435053251883369e-16,6.9339916936259752e-18,5.1318904037594051e-12,2.018022247022769e-11,2.9236208812145722e-13,6.2602173237274592e-09,3.6356234342816929e-09,6.665758101252267e-10,4.6756316412115464e-10,8.2237844545554107e-09,2.5918799250695004e-05,3.6490189674644173e-09,1.1163145980350294e-07,2.7728136741088279e-09,2.0744805751646063e-10,5.4417207030427998e-08,5.8144926536790949e-13,7.4233231453775318e-15,1.7161091758817474e-11,2.2330738652061414e-10,5.9934794276918572e-09,1.3489276644725926e-09,0.69866473303019117,0.0,1.0022426392820247e-25,1.0539666626564171e-25,9.153511624600029e-15,1.9562224509518681e-14
0.0099583333333333329,2.4832743587874977,-2.0453246143024542e-123,1971.1907701412317,101324.99999999999,0.1669114344518304,0.01092795652738029,0.004983617653883431,0.0024264696055162241,0.016438054376806021,0.0079767992256371961,0.1659663898482597,4.4813614087744767e-06,2.4787179694031522e-07,4.4204160730704772e-12,5.8028577082836828e-12,2.322020377434361e-11,2.6563019522394556e-12,2.7258519312655186e-10,5.1060404066967765e-10,0.022826700448951392,0.069643632031990282,3.1513644696456581e-08,2.2256548537045218e-10,3.9264381846443744e-12,5.2789951412349899e-13,2.6463320089116554e-12,1.0111303100468971e-13,1.4221444734905575e-11,8.3506963102248048e-14,5.8198804919875967e-13,8.5393621118797795e-17,3.433203364094208e-18,3.0032956871146072e-12,1.1859056668172295e-11,1.7142823797438023e-13,6.1224485939274314e-09,3.476130019136027e-09,5.968942455550299e-10,4.1951015616361296e-10,8.1357184878540972e-09,2.6108430783396176e-05,3.6748374923361126e-09,1.1167105484847448e-07,2.7396727137261064e-09,1.7804280531860141e-10,4.6568937577372248e-08,4.8582355642573718e-13,4.4105651287144465e-15,1.2724912166952003e-11,1.9409342815739436e-10,5.1937826248680521e-09,1.1629552050359608e-09,0.6987793198776564,0.0,2.8893710921060052e-26,3.1912939972218513e-26,4.9344080699238347e-15,9.9891307670392714e-15
0.0099739583333333329,2.4864489764631577,-2.0453246156562621e-123,1974.079647382001,101324.99999999997,0.1666983477086935,0.010879748292333145,0.0049190372374373773,0.002398093078345966,0.016310660286418737,0.0079592962831379621,0.16611045201876803,4.4158389492100547e-06,2.4445752217151037e-07,2.6369936665830105e-12,3.4804701821181163e-12,1.401782613308509e-11,1.594363827861338e-12,1.6391284948941727e-10,3.0460219476352883e-10,0.02264133884423189,0.069860313356295833,3.0753443820688499e-08,1.704761439443427e-10,2.35947077679003e-12,3.1799843946606823e-13,1.5848831144226919e-12,5.8591198560295594e-14,8.2197209654112672e-12,4.4084027496737969e-14,3.0761633530227705e-13,4.4489674759482411e-17,1.7222664221355982e-18,1.7615880784474603e-12,6.984578357149984e-12,1.0073326084759642e-13,6.0063631165113291e-09,3.3352537738426742e-09,5.3691655788379077e-10,3.7808703970113585e-10,8.0477480613749629e-09,2.6295122151820978e-05,3.7008196280034944e-09,1.1171381821804104e-07,2.7105435132434444e-09,1.5288844625596476e-10,3.9884246645626645e-08,4.0634905446981108e-13,2.6249448775201841e-15,9.458807258547663e-12,1.6880730588293114e-10,4.505595905131856e-09,1.0033701165920942e-09,0.69888989159417025,0.0,7.8836249314566403e-27,9.7319520231715852e-27,2.672618570917836e-15,5.1194495440829824e-15
0.009989583333333333,2.4895582255873894,-2.04532461701007e-123,1976.9016882799463,101324.99999999997,0.16649017520161383,0.01083100914587677,0.0048551719804250824,0.0023700763852673359,0.016188194968024136,0.0079410469432154088,0.16625557715224146,4.3525008306406162e-06,2.4115365569314128e-07,1.5758121701552449e-12,2.0904683588728218e-12,8.4749802180232623e-12,9.5838559594331443e-13,9.871152915631268e-11,1.8201570469364149e-10,0.022467911229393206,0.07006297394528177,3.0030806941060272e-08,1.3875453076710944e-10,1.4207692669306265e-12,1.9186202459213335e-13,9.5083597742760134e-13,3.4021236652826065e-14,4.7618464703845377e-12,2.3326236980992967e-14,1.6296459582266576e-13,2.3238252485950926e-17,8.7274043812401361e-19,1.0355379663241463e-12,4.1225116508886223e-12,5.9315238633947965e-14,5.90864769425918e-09,3.2103001722773756e-09,4.852329012194466e-10,3.4233659810752277e-10,7.9600741381617363e-09,2.6479110766052775e-05,3.7269600926499855e-09,1.1176012700590403e-07,2.6848496650781061e-09,1.3136310986292206e-10,3.4186594754890562e-08,3.4023599230622281e-13,1.5647322371904641e-15,7.0479164919155165e-12,1.4690888057095057e-10,3.9126584294290095e-09,8.66341829054725e-10,0.69899675967908215,0.0,1.8817918889158558e-27,2.9848996382460406e-27,1.4543797839875178e-15,2.6330654060699948e-15
0.010005208333333333,2.4926039296919225,-2.0453246183666295e-123,1979.6595739085894,101324.99999999997,0.16628676068052084,0.010781824901362147,0.0047920997333999798,0.0023424439362855582,0.016070215580953319,0.0079221540530608515,0.16640143724942902,4.2912066049042876e-06,2.3795546445811928e-07,9.432461394620054e-13,1.2569350740968808e-12,5.1296052085987267e-12,5.7673890643703844e-13,5.9511843625643311e-11,1.0890416305626565e-10,0.0223052233182678,0.070253006643777816,2.9341820653140708e-08,1.192223092436618e-10,8.5731687041640082e-13,1.1590884039757695e-13,5.712228166232649e-13,1.9788966212565179e-14,2.7640893839315463e-12,1.2367125828341953e-14,8.6497558083262876e-14,1.2163975804600887e-17,4.4556380448935537e-19,6.0986743782640902e-13,2.4376550643685557e-12,3.4987859488371321e-14,5.8265123984764747e-09,3.0989878115105528e-09,4.4064949768332334e-10,3.1145051603458872e-10,7.8728660146179282e-09,2.6660603117240614e-05,3.7532518825608736e-09,1.118101610092641e-07,2.6621009480133467e-09,1.1293647396954322e-10,2.9326837997638641e-08,2.8518631957043707e-13,9.3390670045149234e-16,5.2634582901545087e-12,1.2793425735994021e-10,3.401222012222897e-09,7.486092692041405e-10,0.69910020567432996,0.0,2.8160231609387492e-28,9.1900676860444965e-28,7.9491662078915231e-16,1.3585876143116172e-15
0.010020833333333333,2.4955878273535452,-2.0453246197149341e-123,1982.3558033179042,101324.99999999997,0.16608795535860335,0.010732280127517911,0.0047298827184062107,0.0023152139994675959,0.015956336126994392,0.0079027064247828016,0.16654773244517596,4.2318309736735516e-06,2.3485837387415936e-07,5.6514625111818756e-13,7.5572968825671665e-13,3.1047532178202229e-12,3.4706620560882187e-13,3.5877367057211063e-11,6.5167756079394078e-11,0.022152207872515903,0.070431656227206998,2.8683385107688837e-08,1.0699901448353929e-10,5.1815296034021492e-13,7.0044109611054783e-14,3.4324691522935489e-13,1.1517104379333309e-14,1.6057234271358681e-12,6.5607185881755344e-15,4.5931973705895102e-14,6.3714596646456356e-18,2.284564150119536e-19,3.5942419875921449e-13,1.442442306194402e-12,2.0649907104666194e-14,5.7576047135765782e-09,2.9993837359305565e-09,4.0215360361677145e-10,2.847443726709202e-10,7.7862658407046428e-09,2.683977935276292e-05,3.7796869016203278e-09,1.1186395275347824e-07,2.6418800725003247e-09,9.7156510631002884e-11,2.5178926322774927e-08,2.3930581659742495e-13,5.5747873138558327e-16,3.938768880871975e-12,1.1148515085078945e-10,2.9596438209568093e-09,6.4739589458500615e-10,0.69920048417414671,0.0,0.0,2.8301524292516902e-28,4.3584421669470311e-16,7.0225154718355598e-16
0.010036458333333333,2.4985115862503999,-2.0453246210659904e-123,1984.992707548673,101325.0,0.16589361738356392,0.010682456475499404,0.0046685698978623522,0.0022883999072076488,0.015846218883659179,0.0078827814806923385,0.16669419052540743,4.1742613170344448e-06,2.3185799270819166e-07,3.3798653368032931e-13,4.5285070131785607e-13,1.8728713067461517e-12,2.0814622685120085e-13,2.1554619434796099e-11,3.8864882992244817e-11,0.02200791169177874,0.070600034333043959,2.8052952789762159e-08,9.9162734952822638e-11,3.1295482954362415e-13,4.2207440878056951e-14,2.0561496718682457e-13,6.6808421503762373e-15,9.299169425517796e-13,3.4638057943027173e-15,2.4268014270403663e-14,3.3212183986513247e-18,1.1682206856776725e-19,2.1118950012977347e-13,8.5122607952470264e-13,1.2149056156987714e-14,5.6999376393104522e-09,2.9098482440507926e-09,3.6888425738514961e-10,2.616371584962923e-10,7.7003924001719763e-09,2.7016797123138987e-05,3.8062564121698304e-09,1.1192142669610353e-07,2.6238314433593184e-09,8.3638127754495004e-11,2.1636284685526241e-08,2.0103162253400284e-13,3.3171103573228679e-16,2.9520735580935531e-12,9.7220169014286006e-11,2.5780499784235593e-09,5.6033839513170911e-10,0.69929782541950991,0.0,0.0,8.6152696741107603e-29,2.3866505585431022e-16,3.6158449189787714e-16
0.010052083333333333,2.5013767989781255,-2.0453246224170466e-123,1987.572461519688,101324.99999999999,0.16570361146853615,0.010632431643873477,0.0046081988738096913,0.0022620109916234744,0.015739567273261323,0.0078624478054160913,0.16684056540547201,4.1183942958175185e-06,2.2895007203327444e-07,1.9988089718702659e-13,2.6775972500924515e-13,1.114874781058473e-12,1.231629813650234e-13,1.2775546165461731e-11,2.285768905434553e-11,0.02187148397811229,0.070759132925009752,2.7448351870789533e-08,9.39534374975983e-11,1.8738023870088325e-13,2.5119618994941389e-14,1.2155652405344219e-13,3.8142891278767107e-15,5.3012856608754821e-13,1.7817926973588199e-15,1.2485710355902611e-14,1.6854167451189051e-18,5.8097568714040183e-20,1.2228414204970579e-13,4.9552506754349911e-13,7.0424350592049886e-15,5.6518289308031199e-09,2.8289862326793614e-09,3.4010752122340136e-10,2.4163448560451806e-10,7.6153442034159114e-09,2.719179483477799e-05,3.8329512283921834e-09,1.1198242977470509e-07,2.6076519632116799e-09,7.205367631117157e-11,1.8608770391120452e-08,1.6906721236134449e-13,1.9474931584058384e-16,2.2140674717092274e-12,8.484847720734293e-11,2.2480567554609041e-09,4.8542872531287202e-10,0.69939243778059201,0.0,0.0,2.345129484917776e-29,1.2845513257610988e-16,1.8109447649988952e-16
0.010083333333333333,2.5069368664121594,-2.0453246250998976e-123,1992.5667405136385,101325.00000000001,0.1653361357955081,0.010532061785711543,0.0044904378460316188,0.0022105595223141511,0.015536008978143511,0.0078207700225882051,0.16713221025489475,4.0115287934963022e-06,2.2339852849207607e-07,7.7902806760227767e-14,1.0335620220265336e-13,4.3608855612616099e-13,4.7625205311388087e-14,4.9549085791482941e-12,8.7506191204096582e-12,0.021620118659589113,0.071051952571841728,2.631102495842322e-08,8.8191362900502218e-11,7.5620001999580639e-14,9.8652390392656686e-15,4.6990652550760564e-14,1.3995704210312302e-15,1.9405981434490749e-13,5.5516413998034048e-16,3.8944173685495778e-15,5.1273377348970901e-19,1.7200954641562846e-20,4.5906732593309833e-14,1.8778591726141156e-13,2.6550224803587485e-15,5.580039654875302e-09,2.6897698759821217e-09,2.9417245387443994e-10,2.0969659840702171e-10,7.4481062036698983e-09,2.7535868595905111e-05,3.8866509779494079e-09,1.1211430959921726e-07,2.5801528169770794e-09,5.3866209549553091e-11,1.3873082214021994e-08,1.2063409382450346e-13,7.4191648785975733e-17,1.2871284967414592e-12,6.5069442158328265e-11,1.7218069806893753e-09,3.6703979916355341e-10,0.6995739322636414,0.0,0.0,2.738119704455509e-30,4.3018639167078346e-17,5.4682680867786439e-17
0.010114583333333333,2.5122873625678581,-2.0453246277772453e-123,1997.3621732387428,101324.99999999999,0.16498404649029946,0.010431690081541196,0.0043766598106944098,0.0021608180338422711,0.015343148553377119,0.0077780861746356575,0.16742121913114061,3.9103509372737256e-06,2.1816534382395122e-07,3.1310087029425027e-14,4.0271376457001442e-14,1.7202482045038679e-13,1.856272311573108e-14,1.9355637387049013e-12,3.3727867752901865e-12,0.02139125854450313,0.071318321798496037,2.5255880203195838e-08,8.480814230510773e-11,3.2439107527553319e-14,3.9488994227964465e-15,1.8315346735540354e-14,5.1822855120472797e-16,7.1724410187452597e-14,1.7445248537627282e-16,1.2247256594772119e-15,1.5713754895677639e-19,5.1106237075549295e-21,1.7417071595673707e-14,7.1753476649630833e-14,1.0101812683883877e-15,5.5315234739724177e-09,2.5725260364127474e-09,2.5943338966248912e-10,1.8559278038321996e-10,7.2849577026831193e-09,2.7873380748046212e-05,3.940730743872589e-09,1.1225679763751085e-07,2.5572988351670464e-09,4.0367516686178442e-11,1.0372885361734684e-08,8.6409252870489534e-14,2.8538198267529276e-17,7.5496903163249632e-13,5.002193458329281e-11,1.3230816035434737e-09,2.7835317651743063e-10,0.69974662397385134,0.0,0.0,2.317066232811951e-31,1.4637866268567229e-17,1.6703159611384284e-17
0.010145833333333333,2.5174395186938234,-2.0453246304463381e-123,2001.972159387193,101324.99999999999,0.1646464227964216,0.010331738849436735,0.0042669097116364817,0.0021127761054679822,0.015159625385820991,0.0077346835034556062,0.16770649884351788,3.8143479315421493e-06,2.1322399148671312e-07,1.3210892467828119e-14,1.5867598405155729e-14,6.8503839327295785e-14,7.2996406278391517e-15,7.6181975263040722e-13,1.3088905666942579e-12,0.021180893919745522,0.071562922156878442,2.4273277472353985e-08,8.24142150468535e-11,1.5561552997192684e-14,1.6383387186140066e-15,7.2199357756859109e-15,1.9364300984268824e-16,2.6765080784614667e-14,5.5321984695539742e-17,3.8830528646345329e-16,4.8558872100011853e-20,1.5228107944167459e-21,6.6713417735256597e-15,2.764290698312003e-14,3.878051059395698e-16,5.5001544542873533e-09,2.4720342943856583e-09,2.3305835965596597e-10,1.6739907249143438e-10,7.1262063717865369e-09,2.8204973569286376e-05,3.9951257897847024e-09,1.1240768456250702e-07,2.5379305076603661e-09,3.0325095486937929e-11,7.7782445988740041e-09,6.2136053752397847e-14,1.1106161676571724e-17,4.466999769311587e-13,3.8541746356781897e-11,1.0199496844688002e-09,2.1173300831764757e-10,0.69991155110169812,0.0,0.0,0.0,5.0621663502997566e-18,5.1603180282018489e-18
0.010177083333333333,2.5224038159776918,-2.0453246331154309e-123,2006.4086927622509,101324.99999999999,0.16432241404701403,0.010232551906043328,0.0041611699279025362,0.0020664042201484155,0.014984339093535425,0.0076907938130404739,0.16798721799354174,3.7230766917877748e-06,2.0855055962679727e-07,5.9995530009955051e-15,6.3518246703470206e-15,2.7615543725686666e-14,2.9035007723520762e-15,3.0249123543145016e-13,5.1148796850922573e-13,0.020985803127867773,0.071789518405878786,2.3355199264606975e-08,8.0467440073360467e-11,8.8364489927445359e-15,7.2809317991991621e-16,2.8965231467796889e-15,7.3019977761714065e-17,1.0083690067057002e-14,1.7709759758378809e-17,1.2411186418885111e-16,1.5130969647804152e-20,4.5431562453025258e-22,2.5789785805206673e-15,1.0736539876525905e-14,1.5019766567192767e-16,5.4814855542290474e-09,2.3844840738702831e-09,2.1296718793222446e-10,1.5368704768206208e-10,6.9720341754893642e-09,2.8531170372376284e-05,4.0497750350381499e-09,1.1256484007527611e-07,2.5211986701108844e-09,2.2836702493063475e-11,5.8492679647158427e-09,4.4853487255770449e-14,4.3929878115919783e-18,2.665531979901483e-13,2.9762376948266597e-11,7.8876957269568908e-10,1.6155769687628978e-10,0.70006957408488035,0.0,0.0,0.0,1.7787083075376831e-18,1.6121796592413599e-18
0.010208333333333333,2.5271900312974656,-2.0453246357790204e-123,2010.6825621551432,101325.0,0.16401123303957846,0.01013440349881665,0.0040593785973614786,0.0020216611406635326,0.01481639050656083,0.0076466042071959952,0.16826276159281225,3.63615546848604e-06,2.0412361130922756e-07,3.0104330463917294e-15,2.608690083403567e-15,1.1337237344882774e-14,1.1749338462625877e-15,1.2154091158095859e-13,2.0134018320512671e-13,0.020803395514021814,0.072001140849536002,2.2494925414839048e-08,7.875118178544713e-11,6.0611361102437845e-15,3.651638487776476e-16,1.1990897147146197e-15,2.7786378369274917e-17,3.8351986869466759e-15,5.7242842650669698e-18,3.9987476951163888e-17,4.7535778467944834e-21,1.3530452518319693e-22,1.0061872247585297e-15,4.2042696054553818e-15,5.8683167712064752e-17,5.4722718587371175e-09,2.3070671345041608e-09,1.9761733260484428e-10,1.4338931265770519e-10,6.8225293852373562e-09,2.8852403853706442e-05,4.1046239857925537e-09,1.1272631858679941e-07,2.5064766036888996e-09,1.7239682399997393e-11,4.4110404681010943e-09,3.2500507284606478e-14,1.7834620277277658e-18,1.6037453665904095e-13,2.3033354405578727e-11,6.1194993110902652e-10,1.2367143620304252e-10,0.70022140936864175,0.0,0.0,0.0,6.3478079795449644e-19,5.0926919922701717e-19
0.010239583333333333,2.5318073079208006,-2.0453246384426099e-123,2014.8035153676435,101324.99999999997,0.16371215048175836,0.010037508175164453,0.0039614430876518279,0.0019784983491067504,0.014655037763115934,0.0076022665289017851,0.16853269049971134,3.5532523173355958e-06,1.9992390941986512e-07,1.6941418649647403e-15,1.1206586941089844e-15,4.798214719677734e-15,4.8971347468234414e-16,4.9763928846657709e-14,7.9902029166318233e-14,0.02063158571824809,0.072200231231591736,2.1686764474211394e-08,7.7175033809025866e-11,4.8379857683763195e-15,2.1762924292406969e-16,5.2695286769854918e-16,1.0669683919384703e-17,1.4724249670448987e-15,1.8686285001401836e-18,1.2985844409827855e-17,1.5054585689232886e-21,4.0070439889785557e-23,3.9631907954019558e-16,1.6601298417993281e-15,2.3127565294312251e-17,5.4701308764256155e-09,2.2376985713293196e-09,1.8585780139846795e-10,1.3570321199162787e-10,6.6777105987457641e-09,2.9169036809784236e-05,4.1596251263869029e-09,1.1289040586636498e-07,2.493299652062562e-09,1.3046397653016614e-11,3.3356589520634733e-09,2.363721785689322e-14,7.576812468482981e-19,9.726924228454504e-14,1.7864543153705537e-11,4.7634141417026591e-10,9.4992836640924905e-11,0.70036765648092836,0.0,0.0,0.0,2.3002048853619021e-19,1.626399052380568e-19
0.010270833333333333,2.5362641841884117,-2.0453246410896896e-123,2018.7803951258702,101324.99999999999,0.16342449019888308,0.0099420302373740502,0.003867249940449406,0.0019368629870160606,0.01449966320850051,0.0075579046732756946,0.16879670650913986,3.4740759255643075e-06,1.9593416403539925e-07,1.0628613800013174e-15,5.207879033742135e-16,2.1425583489321878e-15,2.1541693895192782e-16,2.1076686779343722e-14,3.203379583177258e-14,0.020468693113594817,0.072388759674367337,2.0925852443469953e-08,7.569838163172649e-11,4.2338098035667645e-15,1.5551842317039502e-16,2.5793552035821052e-16,4.1339988236243127e-18,5.7056945326188484e-16,6.1620835001218997e-19,4.250283070729648e-18,4.8054765246156089e-22,1.1721687367866837e-23,1.5773659046921225e-16,6.6141341070555375e-16,9.1933696077834839e-18,5.4733016748688764e-09,2.1748191602347015e-09,1.7682571414761355e-10,1.3002175903156027e-10,6.537544922677748e-09,2.9481377418027144e-05,4.2147375234784223e-09,1.1305563007182608e-07,2.4813221688187081e-09,9.8972964108995434e-12,2.529327433230464e-09,1.7253824367181324e-14,3.4844070208311827e-19,5.94584380044235e-14,1.3885652212625155e-11,3.7207431822750374e-10,7.3230944297378776e-11,0.70050882002446557,0.0,0.0,0.0,8.4633251074103333e-20,5.2506912939072574e-20
0.010302083333333333,2.5405686492962416,-2.0453246437340176e-123,2022.6212524363989,101324.99999999999,0.16314762484216921,0.0098480923421530135,0.0037766722673882348,0.0018966998854608808,0.014349748136310875,0.0075136201779177642,0.16905462342490785,3.3983685052522303e-06,1.9213880644510862e-07,7.2672818434546486e-16,2.7401064860910823e-16,1.0481586208982642e-15,1.0415529271918602e-16,9.5066409358358471e-15,1.3036186057143291e-14,0.020313361378702408,0.072568318119101458,2.0207997953703251e-08,7.4300811173047439e-11,3.8826459667437581e-15,1.2761258703591036e-16,1.4855521336939179e-16,1.6160396738700529e-18,2.231326655051386e-16,2.0533288986152644e-19,1.4019601578918481e-18,1.5457914116561511e-22,3.3534992061719115e-24,6.3569819753867532e-17,2.6627678210344682e-16,3.6856035853713065e-18,5.4804734561115591e-09,2.1172536035561771e-09,1.6987165404872553e-10,1.2588368524820152e-10,6.4019618647302961e-09,2.9789690581438387e-05,4.2699261631518417e-09,1.1322075228977101e-07,2.4702862900310089e-09,7.5267170385522198e-12,1.9230640929751879e-09,1.2639445978338325e-14,1.8160772594295646e-19,3.6623851338800367e-14,1.0816275440592955e-11,2.9171278264753403e-10,5.6677992008920822e-11,0.70064532724158002,0.0,0.0,0.0,3.1645253889964039e-20,1.7135749079862386e-20
0.010333333333333333,2.544728166060227,-2.0453246463783456e-123,2026.3334415374904,101324.99999999999,0.16288097207566102,0.0097557829690839357,0.0036895752176499129,0.0018579529817265689,0.014204853324053499,0.0074694965047951128,0.16930634306120068,3.3259002352498539e-06,1.8852378868155098e-07,5.2752613659243024e-16,1.6923981706336512e-16,5.8743381560619076e-16,5.8104106907314427e-17,4.7817700464210521e-15,5.4423036589465617e-15,0.020164494197650859,0.072740195182229767,1.9529561003508201e-08,7.2970497371389274e-11,3.639659666049576e-15,1.1359313187833133e-16,1.0288112153949056e-16,6.3732088762025511e-19,8.8053389737071109e-17,6.9160093285743914e-20,4.6601137691930368e-19,5.0096896773850006e-23,9.1906340164897525e-25,2.6063641927094321e-17,1.0870553132284153e-16,1.4900284432550314e-18,5.4906629991176839e-09,2.0641082659901433e-09,1.6450519010642484e-10,1.2293697047454513e-10,6.2708639265731408e-09,3.0094206439618557e-05,4.3251612265054873e-09,1.1338474687943943e-07,2.4599991017631126e-09,5.7379444097983043e-12,1.4659913903190279e-09,9.2917225519470931e-15,1.1125214540097873e-19,2.2727328801353379e-14,8.4435933448881485e-12,2.2963540319393853e-10,4.4057647882271836e-11,0.7007775422917164,0.0,0.0,0.0,1.2057504857013612e-20,5.6534978975690952e-21
0.010364583333333333,2.5487497173533207,-2.045324649019922e-123,2029.9236997264009,101324.99999999997,0.1626239911108509,0.0096651628253095964,0.0036058200321151109,0.0018205663174756925,0.014064603897924939,0.0074256023807245403,0.16955183584603142,3.2564648781156576e-06,1.850764079093237e-07,3.9823104982991037e-16,1.2246115441744472e-16,3.8689168738777266e-16,3.8386024754300989e-17,2.8139423205315882e-15,2.3823082731559183e-15,0.020021203846720168,0.072905435920945741,1.8887357143642094e-08,7.1699554278962277e-11,3.4468016650669238e-15,1.0534104722512785e-16,8.2858858744148304e-17,2.5354508125590054e-19,3.5060053127361362e-17,2.3554677083168439e-20,1.5609141917579908e-19,1.6353098724398523e-23,2.3070286816096043e-25,1.098126826207321e-17,4.5356683131173371e-17,6.0744461305330086e-19,5.5031266911385791e-09,2.0146971162940142e-09,1.6035481663493247e-10,1.2091197567770187e-10,6.1441347310881385e-09,3.0395126795845707e-05,4.3804173684597241e-09,1.135467772755161e-07,2.4503158725705397e-09,4.3849908980232492e-12,1.1204780614923605e-09,6.8543061509097474e-15,7.9919703923138257e-20,1.4206779611171556e-14,6.6057247597489675e-12,1.8157905030689165e-10,3.4413590030646084e-11,0.70090577763738615,0.0,0.0,0.0,4.7141304773272513e-21,1.8861683110811897e-21
0.010395833333333333,2.5526398248132067,-2.0453246516532434e-123,2033.3982146921921,101324.99999999999,0.1623761796041806,0.0095762701956334222,0.0035252670064734358,0.0017844847354760917,0.013928677483791051,0.0073819944191049732,0.16979112496866852,3.1898762834879852e-06,1.817851528328325e-07,3.0858240939091003e-16,9.9882081989953221e-17,2.9478668752503697e-16,2.9433407962868913e-17,1.9657320506615018e-15,1.1368150351607822e-15,0.019882770093549364,0.07306488972066752,1.8278581147701198e-08,7.0482110884973798e-11,3.2803349044509801e-15,9.9584083431618746e-17,7.328688013585379e-17,1.0174861362672406e-19,1.4084381403367116e-17,8.1153029396820279e-21,5.2682876265495818e-20,5.3738749789141912e-24,4.5302620021057324e-26,4.8514119058390977e-18,1.9663394527317967e-17,2.497180398892849e-19,5.5172971233387863e-09,1.9684879014687976e-09,1.571383209545427e-10,1.196014921760925e-10,6.0216452146986408e-09,3.069263002989777e-05,4.4356730527221811e-09,1.1370617110625598e-07,2.4411276978082563e-09,3.3592682369780655e-12,8.5861214675998695e-10,5.0734763136961269e-15,6.4737625339991497e-20,8.944240868222284e-15,5.1792659254405695e-12,1.4430117609117468e-10,2.7027473159174593e-11,0.70103030333046357,0.0,0.0,0.0,1.9207711002315e-21,6.3684071240791492e-22
0.010427083333333333,2.5564045880328861,-2.0453246542865649e-123,2036.7626814698076,101324.99999999999,0.16213707082858334,0.0094891254145290128,0.0034477776538401326,0.0017496543649699163,0.013796794872733565,0.0073387192166073437,0.17002427375875609,3.125965579256216e-06,1.7863957023534466e-07,2.4368997938423438e-16,8.7727862968771238e-17,2.4881035250880998e-16,2.4959795788165022e-17,1.5769599835655867e-15,6.2246888516004039e-16,0.019748607333923519,0.073219248499209758,1.7700745947489171e-08,6.9313471375571804e-11,3.1302080724493808e-15,9.4988136198267162e-17,6.8047269160117151e-17,4.1192027249760393e-20,5.7088254688474321e-18,2.8297906753975039e-21,1.7916968946685221e-20,1.7759930279993886e-24,3.3886546212155888e-28,2.3282484068504302e-18,9.1345699005608904e-18,1.0353886959254152e-19,5.5327372102206705e-09,1.9250628979687956e-09,1.5464075862921453e-10,1.1884582539021366e-10,5.9032583671966155e-09,3.0986874876143296e-05,4.4909099473891671e-09,1.1386239627594124e-07,2.4323523726019584e-09,2.5798200550945976e-12,6.59633192895917e-10,3.7679166923986788e-15,5.6471526161764147e-20,5.6707335347774086e-15,4.0699420481044727e-12,1.1532869452243491e-10,2.1358375178942257e-11,0.70115135441215637,0.0,0.0,0.0,8.4064152443479598e-22,2.1804604998802839e-22
0.010458333333333333,2.5600496997268132,-2.0453246569116314e-123,2040.0223507174751,101324.99999999999,0.1619062311416591,0.0094037345293033325,0.0033732162394288206,0.0017160229492797054,0.013668712641274967,0.0072958150306645722,0.17025137544879695,3.064578890107896e-06,1.7563014864652955e-07,1.9545036076222135e-16,8.0282226250799487e-17,2.2304253815461656e-16,2.2401223945428813e-17,1.3795705112736228e-15,4.0491583895131088e-16,0.019618238328567166,0.073369077317857287,1.7151633432988531e-08,6.8189717316839123e-11,2.991893363670225e-15,9.0999630762215259e-17,6.4657048818000945e-17,1.682917805924206e-20,2.3355116780417942e-18,9.9932696526983913e-22,6.1401109138949406e-21,5.8873503203913916e-25,0.0,1.2721396844889107e-18,4.7608730418103228e-18,4.3322919226432935e-20,5.5491068305339668e-09,1.884090185015607e-09,1.5269801431440174e-10,1.1852157727135432e-10,5.7888328124477243e-09,3.1278003368921605e-05,4.5461124002880161e-09,1.1401503925665012e-07,2.4239276321194558e-09,1.9861500652770481e-12,5.0805752879459835e-10,2.8075819578225437e-15,5.1322324531400701e-20,3.6202612954594097e-15,3.2055780143002263e-12,9.2770476926497032e-11,1.6997983391606031e-11,0.70126913698123794,0.0,0.0,0.0,4.1409598211578001e-22,7.6098314636680653e-23
0.010489583333333333,2.5635804787461596,-2.0453246595394495e-123,2043.1820696819755,101324.99999999999,0.16168325768302869,0.009320092327040801,0.0033014508571231507,0.0016835400624309264,0.013544217301030559,0.0072533131454001034,0.17047254512114859,3.0055754743057474e-06,1.7274821733631946e-07,1.5899459182939818e-16,7.5112809378850111e-17,2.0651840360945281e-16,2.069866876556269e-17,1.2638529954819253e-15,3.0888286084797176e-16,0.019491273222921265,0.073514838748687861,1.6629254657490463e-08,6.710749725007969e-11,2.8631327077186817e-15,8.7381924729154358e-17,6.2097962010991914e-17,6.9455090784621698e-21,9.6528297514606531e-19,3.5776174561414213e-22,2.1205186944052843e-21,1.9443839385983853e-25,0.0,8.1916187411014031e-19,2.906466632464912e-18,1.8320150935533114e-20,5.5661384578629608e-09,1.8453025452144576e-09,1.5118448676203492e-10,1.1853316830336306e-10,5.6782255189380416e-09,3.1566143148537737e-05,4.6012669863893411e-09,1.1416378570646558e-07,2.4158061358911705e-09,1.5329453651491495e-12,3.9230569510263395e-10,2.0988659980829552e-15,4.7685068092026907e-20,2.3270719314429597e-15,2.5308010159801466e-12,7.5176830184100676e-11,1.3637343802131002e-11,0.70138383302557816,0.0,0.0,0.0,2.4028819130694321e-22,2.7419540414453027e-23
0.010520833333333333,2.5670018818472973,-2.0453246621645161e-123,2046.2463169319826,101324.99999999997,0.16146777632481088,0.0092381847931153147,0.0032323541374987218,0.0016521572427214523,0.01342312066700686,0.0072112389826242598,0.17068791318774415,2.9488261855929091e-06,1.6998585823695745e-07,1.3114748301235634e-16,7.1146831740262383e-17,1.9449490179117691e-16,1.9407054896182442e-17,1.1844635709117369e-15,2.631718367554616e-16,0.019367392819589262,0.073656912353652418,1.6131817383804521e-08,6.606390066761519e-11,2.7426292692066819e-15,8.4028439180216084e-17,5.9946375857504381e-17,2.9024913391621157e-21,4.0399240854148327e-19,1.3007483357582669e-22,7.3815433657014589e-22,6.2719177757697728e-26,0.0,6.1726418116365941e-19,2.0929727649586522e-18,7.8562917177660375e-21,5.5836192535200547e-09,1.8084818987211992e-09,1.5000383285487949e-10,1.188064029000338e-10,5.5712937982040735e-09,3.185140929305117e-05,4.65636214752349e-09,1.1430840363502748e-07,2.4079517357319197e-09,1.1861857494413798e-12,3.0369469295737869e-10,1.5741540154996785e-15,4.4855408500640805e-20,1.5059498327682405e-15,2.0030394602690874e-12,6.1433835338185425e-11,1.1042127397749182e-11,0.70149560441253889,0.0,0.0,0.0,1.65702485974658e-22,1.0503693915300103e-23
0.010552083333333333,2.5703185311115755,-2.045324664778576e-123,2049.2192316693813,101324.99999999996,0.161259439823827,0.0091579911541475652,0.0031658036809236573,0.0016218280764824819,0.013305256201003843,0.0071696130467440444,0.17089762028392713,2.8942121979789527e-06,1.6733582977251247e-07,1.0971310429516234e-16,6.7886583504295432e-17,1.8485701359078014e-16,1.8334495293882542e-17,1.1224101051277111e-15,2.386548822903824e-16,0.019246335280253091,0.07379561007257518,1.5657699465796448e-08,6.505637340492586e-11,2.6295150680237219e-15,8.0886799868046241e-17,5.8022084599729744e-17,1.2347664824876886e-21,1.7211188356001162e-19,4.820587755028568e-23,2.5909181813818157e-22,1.8537982222257112e-26,0.0,5.2154503619464043e-19,1.7145559241340246e-18,3.4420083990924333e-21,5.601377851998095e-09,1.7734477668915435e-09,1.4908199108391306e-10,1.1928356896671788e-10,5.4678967539964478e-09,3.2133905774189036e-05,4.711387948697803e-09,1.1444872857984673e-07,2.4003366891659856e-09,9.2026855152842646e-13,2.3569598865868326e-10,1.1844356884069332e-15,4.2507100369633703e-20,9.8100111069190316e-16,1.5894944159730628e-12,5.0683665454337962e-11,9.0341858541771792e-12,0.7016045960579137,0.0,0.0,0.0,1.3081403652853525e-22,4.5256223640211224e-24
0.010583333333333333,2.573534722070336,-2.0453246673953876e-123,2052.1046380768594,101324.99999999997,0.16105792620977427,0.0090794855898705673,0.00310168223363429,0.0015925082657121815,0.013190476138431757,0.0071284518284274864,0.17110181299189944,2.84162393279929e-06,1.6479150210515933e-07,9.3113408709962869e-17,6.5084911587242245e-17,1.7662152014390201e-16,1.7394953039764078e-17,1.0695752550890024e-15,2.2331728480838918e-16,0.019127885632193052,0.07393118837669313,1.5205426664600248e-08,6.4082654683439751e-11,2.5231304885819605e-15,7.7927784851144581e-17,5.6245546847913674e-17,5.405908645829532e-22,7.5439463353138709e-20,1.8346677424616332e-23,9.1718421155547996e-23,3.7035090728430027e-27,0.0,4.716781475954926e-19,1.5208380806939577e-18,1.5635785045150258e-21,5.6192746397590834e-09,1.7400486535421559e-09,1.4836191084696721e-10,1.1991969663691391e-10,5.3678962176341139e-09,3.2413726630857056e-05,4.7663360436307381e-09,1.1458465022447074e-07,2.3929395549160552e-09,7.1587893961040519e-13,1.8338761774321032e-10,8.940633939377595e-16,4.0477689640723965e-20,6.4296908957837499e-16,1.2648436849800565e-12,4.2264351921180276e-11,7.4777646129393473e-12,0.70171093855701983,0.0,0.0,0.0,1.1223959169449728e-22,2.358188551011502e-24
0.010614583333333334,2.5766544448163859,-2.0453246700066959e-123,2054.9060644031993,101324.99999999999,0.160862937408874,0.0090026388470209502,0.0030398775756933076,0.0015641557378267012,0.013078649189966304,0.0070877691008445001,0.17130064003187068,2.7909601008063344e-06,1.6234680750670149e-07,8.0186787066397983e-17,6.2608350040605601e-17,1.6930485647932176e-16,1.6547443829456412e-17,1.0223709995835015e-15,2.1214854080975487e-16,0.019011867617133346,0.074063857570400793,1.4773653509296316e-08,6.3140724250460369e-11,2.4229299447899904e-15,7.513246654343349e-17,5.4579381974833489e-17,2.478911850190891e-22,3.4611045034767136e-20,7.2531595091084691e-24,3.2571153221343195e-23,0.0,0.0,4.4218423284729268e-19,1.4072814238090851e-18,7.5410195618544716e-22,5.6371950577636836e-09,1.7081555054872846e-09,1.4779956827920872e-10,1.206797001900344e-10,5.271157114322194e-09,3.2690956907809603e-05,4.8211998948618698e-09,1.1471609841403723e-07,2.3857435674587589e-09,5.5840828547130397e-13,1.4304839874518895e-10,6.7701844919235118e-16,3.8678794985405356e-20,4.2345113782633726e-16,1.0095065050667107e-12,3.5664185056153022e-11,6.2691790056513108e-12,0.70181475023404938,0.0,0.0,0.0,1.0065244702215931e-22,1.534256417177429e-24
0.010645833333333334,2.5796813840912791,-2.0453246726152526e-123,2057.6267541424145,101324.99999999999,0.16067419829625265,0.0089274201797616207,0.0029802818398642901,0.0015367308061622407,0.01296965847156133,0.0070475791820970154,0.1714942472664143,2.742126109447059e-06,1.5999620359786107e-07,7.0064420313587079e-17,6.0377773888563037e-17,1.6265060874087998e-16,1.5770586980438866e-17,9.7911322727304892e-16,2.0301809456445983e-16,0.018898137655184066,0.074193788586076309,1.4361141628156876e-08,6.2228751696539039e-11,2.3284360415943407e-15,7.2486727017567373e-17,5.3004109705702914e-17,1.200663972477189e-22,1.6751867538402669e-20,2.9430351071784011e-24,1.0836616690697065e-23,0.0,0.0,4.2205974561050609e-19,1.3295040924877365e-18,3.9301509778212448e-22,5.6550474095259644e-09,1.6776565999471731e-09,1.4736097467105575e-10,1.2153620186867367e-10,5.1775467773413628e-09,3.2965673409739687e-05,4.8759742044088679e-09,1.1484302404152302e-07,2.3787356021167869e-09,4.3677435997709419e-13,1.1185640564861759e-10,5.1422071329370843e-16,3.7057421356096288e-20,2.7918606345538671e-16,8.0837704010474575e-13,3.0487186505519761e-11,5.3291032837702966e-12,0.7019161387679812,0.0,0.0,0.0,9.2247462222468242e-23,1.1861141854492561e-24
0.010708333333333334,2.5854677879963073,-2.0453246778158561e-123,2062.8349401123392,101325.0,0.16031462738759078,0.0087818714946529975,0.0028674681444629327,0.0014845834863068238,0.012760007734861571,0.0069688082247356042,0.17186596191477627,2.6497104256295405e-06,1.5556120718639265e-07,5.625471739800332e-17,5.6502850832140105e-17,1.508858012450013e-16,1.439011673338971e-17,9.0182741244783004e-16,1.8801815180285789e-16,0.018677344003736222,0.074445673269059986,1.3590417344331225e-08,6.0491070680847645e-11,2.1551884369736579e-15,6.7607874389031201e-17,5.0092793348540723e-17,5.2710947664132948e-23,7.3377544026389018e-21,9.9101374958289863e-25,2.0909354743957632e-24,0.0,0.0,3.9497076017906409e-19,1.2220303315123439e-18,1.9789241544355344e-22,5.6903562159014242e-09,1.6205833645499044e-09,1.4677697897005413e-10,1.2347343365695196e-10,4.9994662781165543e-09,3.3507412576843732e-05,4.9851356435767902e-09,1.1508295863608044e-07,2.3652760916006628e-09,2.7570160865380069e-13,7.0492498115827673e-11,3.0637813027468906e-16,3.42410796368998e-20,1.3303212892646592e-16,5.3494978339130376e-13,2.3487120204093833e-11,4.0736071050295287e-12,0.702111820279395,0.0,0.0,0.0,7.9965685954759419e-23,9.5190480790319424e-25
0.010770833333333334,2.5909436862018134,-2.0453246830082046e-123,2067.7719878384919,101325.0,0.15997583003787635,0.0086423117444151942,0.0027622111617308007,0.0014356203105124357,0.012559861523945622,0.0068920049409955811,0.17221940945100869,2.5634163407924936e-06,1.5143485356942203e-07,4.7375723423307054e-17,5.3159165713742094e-17,1.4056865042391889e-16,1.3187074767444728e-17,8.3371009410122876e-16,1.7516168891955462e-16,0.018464021835611955,0.074688667417278171,1.2882977824918407e-08,5.8853345126301698e-11,1.9999450443940323e-15,6.3200911093579833e-17,4.7441817586402024e-17,3.6511175011893342e-23,5.0817754830915992e-21,5.7741693712507939e-25,5.7554174897728638e-25,0.0,0.0,3.7386950987648942e-19,1.1361383881943149e-18,1.4953792820720188e-22,5.7249169886516345e-09,1.5679810341448809e-09,1.4642990095755578e-10,1.2558672980794594e-10,4.8322847895703721e-09,3.4040430027736896e-05,5.0938930924827917e-09,1.1530512621970147e-07,2.3524054351153596e-09,1.7664517423286036e-13,4.4984904400967604e-11,1.8523198444066771e-16,3.1823440309005659e-20,6.5469164675181675e-17,3.6059073116524191e-13,1.9100855148350061e-11,3.2947220410411104e-12,0.70229898817490277,0.0,0.0,0.0,7.0266761977819233e-23,8.3164062419926125e-25
0.010833333333333334,2.5961334022216578,-2.0453246881950499e-123,2072.4588521782616,101324.99999999999,0.1596560575763353,0.0085084453726581855,0.0026638430505895971,0.0013895886530165687,0.012368524939496309,0.0068171721077291275,0.17255577726491039,2.4826946603514404e-06,1.4758570285703015e-07,4.1539198979889989e-17,5.0218192316125063e-17,1.3140689562497928e-16,1.2130328161296854e-17,7.7322711025955454e-16,1.6383614612873045e-16,0.018257615013898502,0.074923454348029633,1.2232071628594778e-08,5.7306678507232931e-11,1.8603797591317151e-15,5.9207799476626578e-17,4.5018420795047094e-17,3.1728614204477886e-23,4.4289579559684301e-21,4.5841671006072557e-25,2.8994594538121518e-25,0.0,0.0,3.5583184022575921e-19,1.0618626225319511e-18,1.3524868427988656e-22,5.7584691781137366e-09,1.5193537467827278e-09,1.46237591737401e-10,1.2780762305661514e-10,4.6751386469013889e-09,3.4565215179541257e-05,5.2022311969903977e-09,1.1550969519643132e-07,2.340081685208246e-09,1.1528518164239797e-13,2.9138202181311035e-11,1.1390125410779307e-16,2.9712113566655137e-20,3.3540899191750438e-17,2.4880281388448256e-13,1.6366423559110822e-11,2.810757142356648e-12,0.70247823613705296,0.0,0.0,0.0,6.2197619673811154e-23,7.429681775668579e-25
0.010895833333333334,2.6010586552649957,-2.0453246933653853e-123,2076.9142089449474,101324.99999999997,0.15935376014828886,0.0083799805623612049,0.0025717667013747765,0.0013462564460043239,0.012185389881102689,0.0067442993151117844,0.17287617601739949,2.4070562315259536e-06,1.4398648721033442e-07,3.760841476127692e-17,4.7595295447728289e-17,1.232051999319455e-16,1.1196673675747144e-17,7.1925123127651063e-16,1.5375202146993143e-16,0.018057687447687615,0.075150573752667219,1.1631839984592565e-08,5.58431820100666e-11,1.7345080618173606e-15,5.5578918745016759e-17,4.279551030197537e-17,2.9620750998616105e-23,4.1524289358106678e-21,4.0186841984154439e-25,2.2089555320340369e-25,0.0,0.0,3.3982123241666727e-19,9.9584301291811533e-19,1.2923161943275513e-22,5.7908126639797604e-09,1.4742814552051306e-09,1.4614928641745391e-10,1.3009331420384442e-10,4.5272424175974578e-09,3.5082196716859477e-05,5.3101255349849129e-09,1.1569711256626461e-07,2.3282724112481056e-09,7.70120356813198e-14,1.9223662416414957e-11,7.1473357133491617e-17,2.7844920139012685e-20,1.8116903754193731e-17,1.7686371467156773e-13,1.468361846096954e-11,2.5105812557201243e-12,0.70265008950840768,0.0,0.0,0.0,5.5351474060130928e-23,6.6909807597591531e-25
0.010958333333333334,2.6057388525066147,-2.0453246985274658e-123,2081.1547382146787,101324.99999999999,0.15906756175862818,0.0082566354779442068,0.0024854475927402675,0.001305413772837598,0.012009918856412958,0.0066733646746010575,0.17318163544171486,2.3360676857518806e-06,1.4061350948344375e-07,3.4890183528861984e-17,4.5231615526696538e-17,1.1582043472719925e-16,1.0367853198189758e-17,6.7088708491919242e-16,1.4471902117488648e-16,0.017863885187454191,0.075370466019646074,1.1077185590270328e-08,5.4456015294549586e-11,1.6206480218692548e-15,5.2272003078730541e-17,4.0750447419045143e-17,2.8210373077541034e-23,3.9735733959219067e-21,3.6220431554460611e-25,1.9281391130481546e-25,0.0,0.0,3.2535664016546231e-19,9.3648434138310516e-19,1.2542074436971151e-22,5.8218061007055232e-09,1.4324066830906035e-09,1.4613312736471868e-10,1.3241683713863069e-10,4.3878823249366771e-09,3.5591751175951592e-05,5.4175515029871571e-09,1.1586796513030532e-07,2.3169514456169606e-09,5.2979849361520287e-14,1.2979119739214672e-11,4.5980010313824579e-17,2.6177733533011686e-20,1.0502554895784238e-17,1.3046440598867275e-13,1.3674920683469804e-11,2.3256957711538315e-12,0.70281501786035694,0.0,0.0,0.0,4.9485114313167856e-23,6.0540529450305253e-25
0.011020833333333334,2.6101913509197758,-2.0453247036895463e-123,2085.1953529209377,101324.99999999999,0.1587962397577786,0.0081381412608143352,0.0024044069540706311,0.0012668710485608053,0.011841634003577297,0.0066043381386239166,0.17347310386358025,2.2693439762100962e-06,1.3744609328370007e-07,3.295707966898793e-17,4.308437431498876e-17,1.0914116088095716e-16,9.6290562904966314e-18,6.2739794513489312e-16,1.3659109072359486e-16,0.017675911620413799,0.075583501292521879,1.0563651833030155e-08,5.3139199765690791e-11,1.5173668214566731e-15,4.9250822668032197e-17,3.8864006349371598e-17,2.70328635867357e-23,3.8266657164011012e-21,3.2960488151834224e-25,1.74197121472904e-25,0.0,0.0,3.1215875144359155e-19,8.8277562175669545e-19,1.2233686732948357e-22,5.8513530760072787e-09,1.3934212215433503e-09,1.4616883167868365e-10,1.347610482878529e-10,4.2564104120899481e-09,3.6094209516119471e-05,5.5244852143729757e-09,1.1602291315466694e-07,2.3060968265888977e-09,3.7793064078665771e-14,9.0214958034698828e-12,3.0503139930727423e-17,2.4677888856676821e-20,6.6656533615415046e-18,1.0053093909449123e-13,1.31011100778511e-11,2.2135753847909545e-12,0.70297344454137356,0.0,0.0,0.0,4.4424352739085072e-23,5.4982841156332464e-25
0.011083333333333334,2.6144316351644057,-2.0453247088351169e-123,2089.0493822100116,101324.99999999997,0.1585387080253955,0.0080242433777766558,0.0023282156125603985,0.0012304570229147158,0.01168010932485712,0.00653718404524508,0.17375145012950166,2.2065422032113443e-06,1.3446613635812098e-07,3.1542412657790948e-17,4.1121327731171403e-17,1.0307724695436378e-16,8.9680556368912581e-18,5.8816713726987702e-16,1.2924942398854166e-16,0.017493511548588216,0.075789998190015445,1.0087326413546773e-08,5.1887466446844058e-11,1.423437800954454e-15,4.6484151669080542e-17,3.7119684218115079e-17,2.5970986613502615e-23,3.6950855339747525e-21,3.0146888432656448e-25,1.5900386174906089e-25,0.0,0.0,3.0003886691916921e-19,8.3396469878210055e-19,1.1959513506503528e-22,5.8793897345972438e-09,1.3570564790227751e-09,1.462432428463263e-10,1.3711490652044623e-10,4.1322387975624106e-09,3.6589862014285952e-05,5.6309031966866791e-09,1.1616265457120366e-07,2.2956895522135959e-09,2.813704400457491e-14,6.4988236084873711e-12,2.1005272250128119e-17,2.3320373795559327e-20,4.6979061804267074e-18,8.1273350023336279e-14,1.2809545137483203e-11,2.1476363326069422e-12,0.70312575397611465,0.0,0.0,0.0,4.0034723618307218e-23,5.0102958303335407e-25
0.011145833333333334,2.618473501501092,-2.0453247139724327e-123,2092.7287153187435,101324.99999999999,0.1582940033510545,0.0079147020429555428,0.0022564884582379598,0.0011960169383380731,0.011524965398338083,0.0064718629825350898,0.17401746702345883,2.1473565338670417e-06,1.316577467296448e-07,3.0477577308202094e-17,3.931741385617626e-17,9.7553998228757615e-17,8.3746397203208437e-18,5.526732087887647e-16,1.2259509213047197e-16,0.017316461514517364,0.075990234952934374,9.6447633382054396e-09,5.0696140825283821e-11,1.3378061391010986e-15,4.3944952724172971e-17,3.5503209870703737e-17,2.4990126486427082e-23,3.573944706511052e-21,2.7678698822094054e-25,1.4584822358790624e-25,0.0,0.0,2.8885691694917072e-19,7.8944913100695471e-19,1.1708057733706507e-22,5.905874921038409e-09,1.3230764530864053e-09,1.4634759681279902e-10,1.3947113928456973e-10,4.0148341112731672e-09,3.7078961707621856e-05,5.7367820385634211e-09,1.1628790531982237e-07,2.2857128762833931e-09,2.1961173273437651e-14,4.8824404669034691e-12,1.5108089325488128e-17,2.2085500688036213e-20,3.6773056192818202e-18,6.8974667095733731e-14,1.2702172581808433e-11,2.1111473758500194e-12,0.70327229715744355,0.0,0.0,0.0,3.6209052601119456e-23,4.5798450015346636e-25
0.011208333333333334,2.6223291595133,-2.0453247191042451e-123,2096.2439095197415,101324.99999999997,0.15806127472611678,0.0078092920714194379,0.0021888794378592054,0.0011634108650687214,0.011375866321451393,0.0064083330852107972,0.17427187510218872,2.0915140138496042e-06,1.2900694532248487e-07,2.9654355109781209e-17,3.7652636401225553e-17,9.2508486649089108e-17,7.840207897787573e-18,5.2047196635830754e-16,1.1654467415160235e-16,0.017144564949318711,0.076184454708504407,9.2329190569466484e-09,4.9561055529342571e-11,1.2595611566947674e-15,4.1609720710056925e-17,3.4002171033900006e-17,2.4076486388082439e-23,3.4613251775545104e-21,2.5497319364570375e-25,1.3426275991310699e-25,0.0,0.0,2.7850257383120724e-19,7.4872912399687028e-19,1.1474842387916572e-22,5.9307820521654392e-09,1.2912723834571822e-09,1.4647582161456951e-10,1.4182475993759942e-10,3.9037121197522978e-09,3.7561726563355265e-05,5.8420982620175572e-09,1.1639938892006274e-07,2.2761518985981456e-09,1.7987807594386568e-14,3.8418768343952377e-12,1.1397762563142274e-17,2.0957417497272806e-20,3.1486862815333317e-18,6.1233679916305848e-14,1.2715575085734135e-11,2.0935055734196637e-12,0.70341339597853747,0.0,0.0,0.0,3.2860489956885791e-23,4.1986616654561745e-25
0.011270833333333334,2.6260093391023593,-2.0453247242250509e-123,2099.6042627320116,101325.0,0.1578397753108257,0.0077078026870280279,0.0021250768547261892,0.001132512269766295,0.011232518986966726,0.0063465512054584304,0.17451532636452946,2.0387711361555671e-06,1.2650142731530808e-07,2.9002010940487131e-17,3.6110666041328757e-17,8.7887007934607317e-17,7.3574616990330953e-18,4.9118223273423491e-16,1.110270411893001e-16,0.016977651768209152,0.076372864821689687,8.8490993611532085e-09,4.8478480597477718e-11,1.1879135818933837e-15,3.945794110374168e-17,3.2605709467883586e-17,2.3222141550280853e-23,3.3561501155484244e-21,2.3559859102826839e-25,1.2398538381666037e-25,0.0,0.0,2.6888532806102074e-19,7.1138137496671027e-19,1.1257409663545328e-22,5.9540923468289936e-09,1.2614583797102559e-09,1.4662347132117417e-10,1.4417212103125712e-10,3.7984322683404446e-09,3.8038340439602775e-05,5.9468291478060883e-09,1.1649782897030339e-07,2.2669931972356108e-09,1.541472320754492e-14,3.1688905538567556e-12,9.025886505738968e-18,1.9923111728846353e-20,2.8820467150607936e-18,5.6487947851229319e-14,1.2808429222037877e-11,2.0879405321938234e-12,0.70354934649647594,0.0,0.0,0.0,2.9917873447558983e-23,3.8598944902054639e-25
0.011333333333333334,2.6295233151698225,-2.0453247293376019e-123,2102.8178413460973,101324.99999999999,0.15762885742356614,0.0076100389344393119,0.0020647977508220935,0.0011032071220064702,0.011094674717096199,0.00628647807517388,0.17474840333310121,1.9889106214188667e-06,1.2413040315914875e-07,2.8473135247898177e-17,3.4677793293848534e-17,8.3642788172279595e-17,6.9201274189242946e-18,4.6447098776074649e-16,1.0598047511152404e-16,0.016815583509445536,0.076555628658733263,8.49090902953215e-09,4.7445038155436407e-11,1.1221741422355386e-15,3.7471562482868176e-17,3.1304169365787867e-17,2.2421288269406121e-23,3.2576458227587759e-21,2.183196871548733e-25,1.1482645616949303e-25,0.0,0.0,2.5992829449072453e-19,6.7704024627664984e-19,1.1054043539994403e-22,5.9757937698138274e-09,1.2334668804135593e-09,1.4678714058723399e-10,1.465103362714235e-10,3.6985900286935386e-09,3.8508952868906525e-05,6.0509554867956172e-09,1.1658392688009439e-07,2.2582242501030686e-09,1.3733014662393611e-14,2.7308667687097416e-12,7.4776808041849185e-18,1.8971666889086321e-20,2.7578047746851696e-18,5.3711961431336943e-14,1.2953562447089453e-11,2.0900869976771301e-12,0.70368042125483576,0.0,0.0,0.0,2.7322266847056411e-23,3.5577655958155313e-25
0.011458333333333334,2.6360771980263222,-2.0453247395516972e-123,2108.8252164097994,101325.0,0.15723697834465747,0.007425318338610082,0.0019540767426850787,0.0010491026344727323,0.010835072456058461,0.00617158657001493,0.17518454836186154,1.8972551424696916e-06,1.1976268175231626e-07,2.7684369614691747e-17,3.2104015129567376e-17,7.6157272712281384e-17,6.1634694194863198e-18,4.1785823088258973e-16,9.7145159222803248e-17,0.016505938544743158,0.076904241332516846,7.8444105321264947e-09,4.5517951204290393e-11,1.006348966655087e-15,3.3941656023574623e-17,2.8959735367678286e-17,2.096859778375475e-23,3.0791366728903481e-21,1.8907173715220065e-25,9.9366302953965747e-26,0.0,0.0,2.4381624454772783e-19,6.164598713170197e-19,1.0687020464351939e-22,6.0145335936304882e-09,1.1825155427856407e-09,1.4715723380631864e-10,1.5114870297775034e-10,3.514235994305058e-09,3.9431828312595531e-05,6.2570573316392344e-09,1.1672062934030214e-07,2.2418966476926199e-09,1.2051714047498896e-14,2.301746845857764e-12,5.8487257250008351e-18,1.7287180387328085e-20,2.7409721856817083e-18,5.2076947991823896e-14,1.3346068148813188e-11,2.1089390206666855e-12,0.70392852203597489,0.0,0.0,0.0,2.2999320121525085e-23,3.0480976713301492e-25
0.011583333333333334,2.6421221502613159,-2.0453247497382761e-123,2114.3788113673145,101324.99999999997,0.15687725281050793,0.0072530255035170126,0.0018542954331474241,0.00099998071949468598,0.010592800178935439,0.0060626408819554126,0.17558793437965403,1.8144328449825619e-06,1.1580237218588762e-07,2.7116970273025687e-17,2.9844477881572355e-17,6.9739500855472275e-17,5.5307286782933283e-18,3.7842090781922369e-16,8.9611349760107701e-17,0.016212552004493612,0.077234055178947103,7.2746240760265943e-09,4.3747842074112487e-11,9.0735830614659979e-16,3.0891713194936557e-17,2.689594545547111e-17,1.9675425425599362e-23,2.9201312271152269e-21,1.652234512844202e-25,8.6756150038267441e-26,0.0,0.0,2.2961068815119755e-19,5.6430183462510105e-19,1.0360238495732909e-22,6.0480742444324941e-09,1.1371011375725645e-09,1.4757943610197713e-10,1.5576018684719916e-10,3.34703722068337e-09,4.0334489991998179e-05,6.460792932942506e-09,1.1681499510832819e-07,2.2268060498991382e-09,1.1283439694505501e-14,2.1160732231065138e-12,5.0115047465266233e-18,1.5835015610685736e-20,2.8316807704704735e-18,5.2635570566705014e-14,1.3797317121436068e-11,2.1354032767620678e-12,0.70416030732001356,0.0,0.0,0.0,1.9550616345178605e-23,2.6329074968138028e-25
0.011708333333333334,2.647714744060417,-2.0453247599083451e-123,2119.5277419975691,101325.0,0.15654590859692954,0.0070919901708694109,0.0017640100905504724,0.00095523457769160474,0.010366205028508223,0.005959281484971604,0.17596206228052441,1.7393061755039538e-06,1.1219524837133316e-07,2.6698318858076091e-17,2.7846964628677437e-17,6.4199267125311984e-17,4.99715383090273e-18,3.4482336223923664e-16,8.3146583666412845e-17,0.015934401160181175,0.077546316798453016,6.7700001825840766e-09,4.2117469674891116e-11,8.2220052192962855e-16,2.824099680338419e-17,2.5070111428339496e-17,1.8520429882239157e-23,2.7779673842330715e-21,1.4557768135079386e-25,7.6374840719593529e-26,0.0,0.0,2.1702035579361235e-19,5.1915483501531484e-19,1.0068684889940152e-22,6.0767934153853922e-09,1.0964243408940994e-09,1.4804768520613364e-10,1.6034666723176713e-10,3.1948653136153001e-09,4.1218126350053749e-05,6.6621043681720857e-09,1.1686998293774115e-07,2.2128647601056391e-09,1.0932355537077995e-14,2.0427334376113367e-12,4.5269503126296077e-18,1.4573254980421086e-20,2.9688267689796313e-18,5.4260288224980226e-14,1.4277039108037979e-11,2.1650228943550813e-12,0.70437728552837753,0.0,0.0,0.0,1.6770495514459978e-23,2.2921857554718308e-25
0.011833333333333335,2.6529028608710212,-2.0453247700591526e-123,2124.3137822945218,101325.00000000001,0.15623977701342126,0.0069411927906650114,0.0016820191283841656,0.00091434724843343174,0.010153858188796621,0.0058611697685825434,0.17630990841052044,1.6709201493336752e-06,1.0889655793356089e-07,2.6384257452098031e-17,2.6070054870752542e-17,5.9383788143346229e-17,4.5435202822713123e-18,3.1599706893186315e-16,7.7559533017097468e-17,0.01567051426322499,0.07784219947950459,6.3210785282277396e-09,4.0611855011797451e-11,7.4849354347603513e-16,2.5924520687249433e-17,2.3446703994681452e-17,1.7484483254957989e-23,2.6502547219633438e-21,1.2923019910681039e-25,6.7740737237327731e-26,0.0,0.0,2.0579688496001633e-19,4.798289570442239e-19,9.8073796347711267e-23,6.1010583827650607e-09,1.059823236595929e-09,1.4855551524726649e-10,1.6490673576263073e-10,3.0559290782585605e-09,4.2083766401874171e-05,6.8609080998257327e-09,1.1688897786150659e-07,2.1999953456363295e-09,1.0774437545728794e-14,2.0219344525243793e-12,4.2080384936095849e-18,1.3469137399025187e-20,3.1283247732605429e-18,5.6410673931521025e-14,1.4770352950559875e-11,2.1957282076842714e-12,0.70458078427787796,0.0,0.0,0.0,1.4506089309204681e-23,2.0100995232856766e-25
0.011958333333333335,2.6577269837353108,-2.0453247801906987e-123,2128.7724299329961,101324.99999999999,0.15595619527122087,0.0067997414857653713,0.0016073149902720491,0.00087688040213969027,0.0099545260394992216,0.0057679914913934842,0.17663400757877928,1.6084725377835637e-06,1.0586920295625791e-07,2.6146071512605175e-17,2.4480809185570891e-17,5.5171912851590152e-17,4.1549458898439339e-18,2.9110147660581834e-16,7.2698845478138457e-17,0.015419987067880152,0.078122786963558719,5.9200677346447637e-09,3.9218145863926867e-11,6.8434050056316682e-16,2.3889919953491415e-17,2.1996718662488044e-17,1.6551414999318014e-23,2.5349833472089082e-21,1.1550095597408481e-25,6.0490675519133303e-26,0.0,0.0,1.9573776087782247e-19,4.4536830933580449e-19,9.5720217234504036e-23,6.1212321919605095e-09,1.0267510190136694e-09,1.4909687635101426e-10,1.6943776950745567e-10,2.928710837016273e-09,4.2932293581137538e-05,7.0571219132482925e-09,1.168753437380463e-07,2.1881301918516026e-09,1.070674175427675e-14,2.0259196409032603e-12,3.972661716051033e-18,1.2496931915652259e-20,3.2997891770539838e-18,5.8821840595535122e-14,1.5269617440642816e-11,2.2265407242580957e-12,0.70477197485068688,0.0,0.0,0.0,1.2644075471727079e-23,1.7745916569849591e-25
0.012083333333333335,2.662221072230071,-2.0453247903084865e-123,2132.9336415939561,101324.99999999999,0.15569293858959204,0.0066668528498406562,0.0015390486468862873,0.00084246160386082763,0.0097671540105083235,0.0056794586964187717,0.17693651298365543,1.5512880950304504e-06,1.030823133623032e-07,2.5963836331582799e-17,2.3052652040888182e-17,5.1466793931066546e-17,3.819800577376881e-18,2.6947053267299909e-16,6.8444418308606478e-17,0.015181992958224016,0.078389062870345194,5.5605171706633936e-09,3.7925271793668491e-11,6.2821862608238612e-16,2.2094687707730492e-17,2.0696326137521027e-17,1.5707662096433774e-23,2.4304781843586849e-21,1.0387336231372829e-25,5.4349135723637589e-26,0.0,0.0,1.8667753853715269e-19,4.1500499616343852e-19,9.3589813532626304e-23,6.1376544824307491e-09,9.9675293822494998e-10,1.4966590923900298e-10,1.7393592937578166e-10,2.8119193351583397e-09,4.3764446295283027e-05,7.2506652027728714e-09,1.1683234177665465e-07,2.1772108309018907e-09,1.0681191933327336e-14,2.0415783942711556e-12,3.783460259876918e-18,1.163615990861118e-20,3.4782817572008651e-18,6.1360778717719967e-14,1.5770620293981712e-11,2.2569843022964384e-12,0.70495189441482575,0.0,0.0,0.0,1.1099563691063737e-23,1.5764483275831945e-25
0.012208333333333335,2.6664130397618631,-2.0453248004042612e-123,2136.822236946186,101324.99999999999,0.15544817926294216,0.0065418362659882571,0.0014765018524698799,0.00081077407567051347,0.0095908634884491091,0.005595310049334867,0.17721923853309932,1.4987992704067059e-06,1.0051020018906453e-07,2.5822881711253423e-17,2.1763854387423334e-17,4.8190312267143329e-17,3.5289067402426041e-18,2.5057184817580147e-16,6.4699973858140554e-17,0.014955797782228004,0.078641891253590404,5.2370663284023958e-09,3.6723683116741729e-11,5.7889692877650135e-16,2.0504098550051591e-17,1.952582678663247e-17,1.4941776331527898e-23,2.3353328081592291e-21,9.3950349468483305e-26,4.9104711694538919e-26,0.0,0.0,1.7847994534599889e-19,3.8811796841865133e-19,9.1651652471506114e-23,6.1506203727594251e-09,9.6944811169578628e-10,1.5025652259482095e-10,1.7839558439974551e-10,2.70445222801575e-09,4.4580803111924338e-05,7.4414559764447888e-09,1.1676317420367574e-07,2.1671873871685033e-09,1.0674944219271779e-14,2.0626003372310277e-12,3.622652526253244e-18,1.0870330711921222e-20,3.6611544306344114e-18,6.3958130622342259e-14,1.6270735994151398e-11,2.2868121812676817e-12,0.70512146476711091,0.0,0.0,0.0,9.8082287750627794e-24,1.4085600363245932e-25
0.012333333333333335,2.6703248050322088,-2.045324810483526e-123,2140.4579212089407,101324.99999999999,0.15522047311503898,0.0064240823738191252,0.0014190631228652047,0.00078154854272795857,0.0094249701319356997,0.0055153119874398601,0.17748368490832381,1.4505323390274966e-06,9.8131631588365701e-08,2.5711655407763121e-17,2.0596355448743117e-17,4.5278548054800219e-17,3.2749274263850375e-18,2.3397344435381376e-16,6.1386619039137726e-17,0.014740798086515263,0.078881961942047024,4.9452507317382661e-09,3.5605148218549575e-11,5.353732966036393e-16,1.9089590139601379e-17,1.8468779757317141e-17,1.4243954782145999e-23,2.2483459591490545e-21,8.5422581688472564e-26,4.4592142419646958e-26,0.0,0.0,1.7103088198746939e-19,3.6419773534472506e-19,8.9878692322771739e-23,6.1603584174166389e-09,9.4451359171441572e-10,1.5086173799145821e-10,1.8280806434259188e-10,2.6053618563638098e-09,4.5381748301991143e-05,7.6294115317766814e-09,1.1667112258947505e-07,2.1580170905995265e-09,1.0676848424012935e-14,2.0858634663323865e-12,3.481243008140467e-18,1.0185993447822978e-20,3.846735632586662e-18,6.6574864453310976e-14,1.6767954039079708e-11,2.3158758364375132e-12,0.70528150698749481,0.0,0.0,0.0,8.7207043281766324e-24,1.2653443577359709e-25
0.012583333333333335,2.677355452006609,-2.0453248305952778e-123,2147.0127920101709,101325.0,0.1548128867783753,0.0062090221339010532,0.0013179090140429447,0.00072981818133885151,0.009123286309248229,0.0053676450638614663,0.17796066266962388,1.3654397096725819e-06,9.3902737810442927e-08,2.5547141319959125e-17,1.8576839365159426e-17,4.0373303232655299e-17,2.857258830046689e-18,2.0648634596939409e-16,5.5848391548794026e-17,0.014343624115097183,0.079324519382476352,4.4439275246552117e-09,3.3597122059098887e-11,4.6284491199335738e-16,1.6707263430821162e-17,1.6649912382238419e-17,1.3028671055563698e-23,2.0960322442165586e-21,7.1703323430064355e-26,3.7326459565791029e-26,0.0,0.0,1.5808990354998659e-19,3.2391929292992338e-19,8.6774178783309286e-23,6.1712583229111517e-09,9.0090558877595741e-10,1.5209480888675271e-10,1.9143776492729337e-10,2.4298939135581766e-09,4.6936571810227104e-05,7.9958626035971787e-09,1.1642902800179826e-07,2.1423215407496456e-09,1.0688876169458542e-14,2.1341368220773001e-12,3.2412139311508497e-18,9.0245339955326174e-21,4.2219003247386352e-18,7.1778531574825426e-14,1.7746300392500367e-11,2.3713375456516865e-12,0.70557497630349009,0.0,0.0,0.0,7.0208096306316674e-24,1.0381207903208393e-25
0.012833333333333335,2.6836176469179431,-2.0453248506575e-123,2152.865957239525,101324.99999999997,0.15445164726746183,0.0060155847656177038,0.0012307276822169249,0.00068488175305277035,0.0088511255566287219,0.0052327121669980747,0.1783861933546724,1.2917765931288699e-06,9.0200360484556523e-08,2.5439348473557594e-17,1.6877281054124758e-17,3.6369045853915743e-17,2.5262281937998094e-18,1.8450594413509683e-16,5.1356030726318106e-17,0.013980220845052061,0.07972880497095608,4.0249477644909416e-09,3.1826668702348845e-11,4.0452137986601776e-16,1.4766373489226849e-17,1.5126438119981189e-17,1.1994960367137957e-23,1.9653416071645893e-21,6.1107253645153761e-26,3.1685369125358945e-26,0.0,0.0,1.4709332917393878e-19,2.9092945243986701e-19,8.4097527358220344e-23,6.1739355782819848e-09,8.6362218136676144e-10,1.5337178866035419e-10,1.9993551347525018e-10,2.2776944900134795e-09,4.8442562530536612e-05,8.3521799987153972e-09,1.1611990120266422e-07,2.1290549637299195e-09,1.0699560355662836e-14,2.1814422797858983e-12,3.0384402803183705e-18,8.0686420134579988e-21,4.6019682725434286e-18,7.69509608936615e-14,1.871143768956539e-11,2.4240372846131476e-12,0.70583978401544556,0.0,0.0,0.0,5.7551520424279879e-24,8.6508432556727189e-26
0.013083333333333336,2.6892314610151504,-2.045324870675696e-123,2158.124591917398,101325.00000000001,0.15412923966169972,0.0058406841630701221,0.0011549428814466214,0.00064555125413472386,0.0086043762507895562,0.0051090325964260625,0.17876823875198047,1.2274755498243035e-06,8.6932302990006799e-08,2.5364026056845333e-17,1.5432182322681094e-17,3.3054797577119339e-17,2.2593853939407111e-18,1.6666619310510927e-16,4.7665534131790851e-17,0.013646837504041161,0.08009916508013816,3.6711201705766803e-09,3.0256389664696346e-11,3.5698622251199167e-16,1.3165665361514228e-17,1.3837296256968748e-17,1.1108479353583906e-23,1.8522838287031801e-21,5.2771084668114286e-26,2.7224733968784921e-26,0.0,0.0,1.3765289999326461e-19,2.6358682956393914e-19,8.1774458446277571e-23,6.1700782615205821e-09,8.3140858404403753e-10,1.5467823233921037e-10,2.0830349914717568e-10,2.1446384188967964e-09,4.9903945627787642e-05,8.6985769028322943e-09,1.1575446452481372e-07,2.1179369437935916e-09,1.0706900055528642e-14,2.2269830908465737e-12,2.86418490854087e-18,7.2720975199307108e-21,4.9856912083567489e-18,8.2075323084870154e-14,1.9662795270082439e-11,2.4741794101250259e-12,0.70607981335857317,0.0,0.0,0.0,4.7934088722560072e-24,7.3114548720227716e-26
0.013333333333333334,2.6942975410463297,-2.0453248906663755e-123,2162.8787467961888,101324.99999999999,0.15383944197194077,0.0056817928973647768,0.0010885437224034302,0.00061087669144772253,0.0083794900403036943,0.004995294526899772,0.17911336633630665,1.1708969463678154e-06,8.4025289840831583e-08,2.5306945541980365e-17,1.4191973056572835e-17,3.0276264742399527e-17,2.0409149088604406e-18,1.5198068208170787e-16,4.4594223875180305e-17,0.013340016012850129,0.080439595782358167,3.369390552770894e-09,2.885557682021877e-11,3.1776030589409283e-16,1.1830428893319987e-17,1.2735755261069768e-17,1.0341572146897881e-23,1.7535961162290571e-21,4.6099160400500899e-26,2.3633079783606443e-26,0.0,0.0,1.2946537718852228e-19,2.4064368583191394e-19,7.973894293509826e-23,6.16113864156851e-09,8.0331272486336789e-10,1.5600304071486254e-10,2.1654249527511123e-10,2.0274713735582724e-09,5.1324776167247626e-05,9.035329026755789e-09,1.1534301991080048e-07,2.1087239851719899e-09,1.0710951464749291e-14,2.2706274028542765e-12,2.7126666736367416e-18,6.6008295933352224e-21,5.3718525013601996e-18,8.7142828119984649e-14,2.0599648757997946e-11,2.5219512057091514e-12,0.70629830501638413,0.0,0.0,0.0,4.0484990836784912e-24,6.2568672678836035e-26
0.013520833333333333,2.6977967968049774,-2.0453249056325566e-123,2166.1664174625625,101324.99999999999,0.15363990764287247,0.005571703124262928,0.0010438587922444833,0.00058741542483657411,0.008222950137152225,0.004915662866186209,0.17935180748293184,1.1326560533137701e-06,8.2042198788500672e-08,2.5271530516974316e-17,1.3371715083236883e-17,2.8471098664828028e-17,1.901635837998225e-18,1.4257972880855189e-16,4.2609713501252983e-17,0.013125025830701291,0.080677989411868989,3.1708100673203677e-09,2.7899189754891757e-11,2.9263412926726801e-16,1.0967615758970008e-17,1.2009489615812699e-17,9.8305251669178906e-24,1.6872914535813368e-21,4.1923702019587255e-26,2.136707582008161e-26,0.0,0.0,1.2399306419563479e-19,2.2571660463921052e-19,7.836408249647422e-23,6.1518487424513772e-09,7.8446490017715242e-10,1.5700584996907216e-10,2.2264890603299047e-10,1.9483069513075452e-09,5.2366878927054184e-05,9.2819554169255801e-09,1.1500938920892854e-07,2.1028894452683112e-09,1.0712088937864331e-14,2.3021931547014665e-12,2.6111643585951528e-18,6.1632629018518137e-21,5.6626093852016078e-18,9.0908577246385884e-14,2.129332003236461e-11,2.5563719703601019e-12,0.70644986646916352,0.0,0.0,0.0,3.5949218078132404e-24,5.6055269540860537e-26
0.013708333333333333,2.7010472692438117,-2.0453249205849795e-123,2169.2241841366026,101325.0,0.15345502197988473,0.0054689204301727251,0.0010031349022131988,0.00056595507790855801,0.0080765985443615133,0.0048407825821218595,0.17957351336249036,1.0977097143604822e-06,8.0215920799081429e-08,2.5237688302044739e-17,1.2634397248266463e-17,2.6870845699859111e-17,1.7799826030429511e-18,1.3434774239778036e-16,4.08606858362915e-17,0.01292281603708288,0.080902037299675239,2.99312753055579e-09,2.7017669595468859e-11,2.7063346489161553e-16,1.0206816344580326e-17,1.1358691921112404e-17,9.3686488323106947e-24,1.6269601186192286e-21,3.8333569019677991e-26,1.9412070398376759e-26,0.0,0.0,1.1903259706403016e-19,2.1249162908470913e-19,7.7108757952060775e-23,6.140660250517549e-09,7.6731706473323244e-10,1.5800668646542834e-10,2.2866510508417789e-10,1.875929979629211e-09,5.338837730909112e-05,9.523188237221378e-09,1.1465901133444725e-07,2.09800877535345e-09,1.071179383480327e-14,2.3326728193714677e-12,2.5189877880879186e-18,5.7745490245835138e-21,5.9532032120430951e-18,9.4627726177114939e-14,2.1976690805860633e-11,2.5895297259300176e-12,0.70659153696309207,0.0,0.0,0.0,3.2135844963100808e-24,5.0527258535510498e-26
0.013895833333333333,2.704073450088142,-2.0453249355263959e-123,2172.074309615316,101324.99999999999,0.15328329353758802,0.0053727947347391994,0.00096590707319131293,0.00054626823022166588,0.0079395195796690653,0.0047702821177656365,0.17978007979397007,1.0656744456812095e-06,7.8529218927247481e-08,2.5203711643915319e-17,1.1969108236604749e-17,2.5444477400282809e-17,1.6730231593768043e-18,1.2709341218391439e-16,3.9309244718967685e-17,0.012732344155434594,0.08111292781982217,2.8335037312995008e-09,2.6203150660790563e-11,2.5126916443675089e-16,9.5327458061676535e-18,1.0773055504771443e-17,8.9493259139913102e-24,1.5717990200683676e-21,3.5223437339606852e-26,1.7705476364917985e-26,0.0,0.0,1.1451488769384317e-19,2.0070470860647767e-19,7.5954479300685286e-23,6.1279328590859285e-09,7.516606934187735e-10,1.5900159752221169e-10,2.3458551477383568e-10,1.8095712975202513e-09,5.439042594334931e-05,9.7591401843936511e-09,1.1429581940928795e-07,2.0940172351881285e-09,1.07101845730972e-14,2.3620807233124643e-12,2.4349463400414625e-18,5.4276481756530766e-21,6.2428534147040584e-18,9.8295241304493733e-14,2.2648881653810252e-11,2.6214516338273024e-12,0.70672420374640077,0.0,0.0,0.0,2.8902953482068572e-24,4.579498599867455e-26
0.014083333333333333,2.7068966770193108,-2.0453249504485507e-123,2174.7362310668327,101324.99999999997,0.15312342794907643,0.0052827454905297446,0.00093177699338143542,0.00052816041886105517,0.0078109056069243588,0.0047038273879018051,0.17997291519271089,1.0362230565408406e-06,7.6967328949588337e-08,2.5168566165038682e-17,1.136674852858301e-17,2.4167018446980778e-17,1.5784342891564981e-18,1.2066548434538172e-16,3.7925995207809832e-17,0.012552693384352689,0.081311704216070577,2.6895673580685784e-09,2.5448867096851113e-11,2.3414360611132909e-16,8.9328846209993286e-18,1.024410239581551e-17,8.5672725968820645e-24,1.5211807730214914e-21,3.2512098413138717e-26,1.6210526299673166e-26,0.0,0.0,1.1038480934696967e-19,1.9014921026917924e-19,7.4888145136218756e-23,6.1139783552606618e-09,7.3731967808890985e-10,1.5998811536669856e-10,2.4040768295236374e-10,1.7485678636556164e-09,5.5374095429582397e-05,9.9899536447680311e-09,1.1392288451593195e-07,2.090854419253213e-09,1.0707412221454763e-14,2.3904430384602644e-12,2.3580482539787178e-18,5.1167763602622784e-21,6.5309831211951391e-18,1.0190781202983108e-13,2.3309388312064721e-11,2.6521809139867823e-12,0.70684864627601673,0.0,0.0,0.0,2.6142075190916964e-24,4.1716914485690921e-26
0.014270833333333333,2.7095356635796346,-2.0453249653514441e-123,2177.2270062319553,101325.0,0.15297429629260992,0.0051982555301325383,0.00090040251274301581,0.00051146372093753762,0.0076900418802109171,0.0046411160536288269,0.18015326256593572,1.0090744368384333e-06,7.5517503608195158e-08,2.513164428537442e-17,1.0819628930700174e-17,2.3017902638401154e-17,1.4943377348936311e-18,1.1494097975682731e-16,3.6686960283947546e-17,0.012383046183127126,0.081499295130183919,2.5593249424848513e-09,2.474891765673248e-11,2.1893033201870268e-16,8.3968686184856395e-18,9.764702415604349e-18,8.2180639211737197e-24,1.4745828563096694e-21,3.013439166521367e-26,1.4888702528984421e-26,0.0,0.0,1.0659631649253471e-19,1.8065563446111244e-19,7.3899246452298023e-23,6.0990621154449316e-09,7.2414420064713083e-10,1.6096434137543722e-10,2.4612997539276428e-10,1.6923469545080069e-09,5.6340380510543998e-05,1.0215782782948941e-08,1.1354279595284819e-07,2.0884648230043072e-09,1.0703635484274826e-14,2.4177931288247981e-12,2.2874602823028508e-18,4.8371211542376294e-21,6.8171288108250807e-18,1.05462951066125e-13,2.3957879746261951e-11,2.6817658892411036e-12,0.70696555406771033,0.0,0.0,0.0,2.3768426244585495e-24,3.8180618028974518e-26
0.014458333333333333,2.7120068603321252,-2.0453249802433309e-123,2179.5616725234349,101324.99999999997,0.15283490933136434,0.0051188639671735005,0.0008714884746372759,0.00049603246175743501,0.0075762931565652456,0.0045818740197422015,0.18032222100158823,9.8398589463421136e-07,7.4168678267526903e-08,2.5092634442930503e-17,1.0321211206023559e-17,2.1980055136044124e-17,1.419201332353143e-18,1.0981901397691477e-16,3.5572328963060882e-17,0.012222667826797463,0.081676533723186895,2.4410907996618057e-09,2.4098131161189232e-11,2.0535949978397487e-16,7.9160633478214644e-18,9.3288208511404093e-18,7.8979437671825281e-24,1.4315624859155678e-21,2.803830743207386e-26,1.3717264763540343e-26,0.0,0.0,1.0311046954287169e-19,1.7208321807633476e-19,7.2979052273405821e-23,6.0834099067293101e-09,7.1200629312753931e-10,1.619287766060255e-10,2.5175120069161988e-10,1.6404119937630126e-09,5.7290207112392126e-05,1.0436788442446427e-08,1.1315779109435483e-07,2.0867976411093639e-09,1.0699008314465432e-14,2.4441680083046721e-12,2.222476065408959e-18,4.5846505912054229e-21,7.1009002381047826e-18,1.0895872026315458e-13,2.4594127990422312e-11,2.7102559665959374e-12,0.70707553998092354,0.0,0.0,0.0,2.1714998266918687e-24,3.509706308633863e-26
0.014645833333333334,2.7143248197928811,-2.0453249951187078e-123,2181.7535412380457,101324.99999999999,0.15270439639453873,0.0050441593439910356,0.00084477918349660098,0.00048173975094068601,0.0074690926085564961,0.0045258524888362505,0.18048076509285599,9.6074695278055212e-07,7.2911202585174354e-08,2.5051430423312638e-17,9.8659055672523894e-18,2.1039202110654065e-17,1.3517655248694219e-18,1.0521623672981841e-16,3.4565611836196883e-17,0.012070894854092044,0.08184417116214078,2.3334318209935036e-09,2.3491958119780348e-11,1.9320665690337653e-16,7.4832330014364722e-18,8.9313224113843165e-18,7.6036962093640806e-24,1.3917404109845464e-21,2.6181192787669998e-26,1.2670483959312728e-26,0.0,0.0,9.9894090287336934e-20,1.643141827184182e-19,7.2120185079688295e-23,6.0672139212997198e-09,7.0079614056429814e-10,1.6288025624512712e-10,2.5727053342234689e-10,1.5923307745070223e-09,5.8224438489163033e-05,1.0653135217006911e-08,1.1276981558817948e-07,2.0858064158253713e-09,1.0693674826754382e-14,2.469606216410285e-12,2.1624921963066191e-18,4.3559657046220911e-21,7.3819616647156215e-18,1.1239360496910266e-13,2.5217979433388704e-11,2.7377000926364144e-12,0.70717915074172444,0.0,0.0,0.0,1.9928345461432433e-24,3.2393834426362893e-26
0.014833333333333334,2.7165024374360276,-2.0453250099885815e-123,2183.8144405915236,101324.99999999999,0.15258198798902192,0.0049737735323201792,0.00082005222902016767,0.00046847463783315568,0.007367932660197282,0.004472825351144287,0.18062976173561029,9.3917429582370542e-07,7.1736622536155942e-08,2.5008067055289758e-17,9.4489094988676547e-18,2.0183335503407824e-17,1.2909873985201821e-18,1.0106333096971915e-16,3.3652997645784446e-17,0.011927126256986543,0.082002886945858902,2.2351235617215471e-09,2.2926381950255908e-11,1.8228400405098827e-16,7.0922804406737463e-18,8.5678152113353377e-18,7.3325563580406347e-24,1.3547904909156718e-21,2.4528460496007439e-26,1.1733688902052419e-26,0.0,0.0,9.6918731521702004e-20,1.5724934560822754e-19,7.1316391460833513e-23,6.0506378551295151e-09,6.9041905856531089e-10,1.6381790001879518e-10,2.6268747624092387e-10,1.547725714950673e-09,5.9143880615937375e-05,1.0864989288195443e-08,1.1238056172938252e-07,2.0854486719441517e-09,1.0687767720396284e-14,2.4941466269483709e-12,2.1069898600363607e-18,4.1481849165632144e-21,7.6600218870477503e-18,1.1576644024180725e-13,2.5829339670310888e-11,2.764146076107984e-12,0.70727687552394292,0.0,0.0,0.0,1.8365481969696576e-24,3.0012672753240971e-26
0.015020833333333334,2.7185512079976717,-2.0453250248419453e-123,2185.75491744387,101324.99999999997,0.1524670014270602,0.0049073764796824333,0.00079711341993741612,0.00045613976548662471,0.0072723573724829795,0.0044225868847026064,0.18076998441205799,9.1910763673497407e-07,7.0637502350248448e-08,2.4962674547498034e-17,9.0660784122072619e-18,1.9402294185818562e-17,1.2359976426506751e-18,9.7302297407056609e-17,3.2822851839037496e-17,0.011790816421513611,0.082153297185202354,2.145115055217377e-09,2.2397845707627244e-11,1.7243354574465179e-16,6.7380416594561437e-18,8.2345257797706227e-18,7.0821323771279347e-24,1.3204301704707108e-21,2.3051278523728143e-26,1.0889097912509981e-26,0.0,0.0,9.4159866899837885e-20,1.508046946074458e-19,7.056231763669941e-23,6.0338212167715143e-09,6.8079304128356209e-10,1.647410690196783e-10,2.680018240063384e-10,1.5062658056893777e-09,6.0049286878850848e-05,1.1072516668497026e-08,1.1199149865580928e-07,2.0856855873069481e-09,1.0681408360991018e-14,2.5178277862900677e-12,2.0555205076122327e-18,3.958852607331408e-21,7.9348278973795074e-18,1.1907635770273638e-13,2.6428163195796545e-11,2.7896402513561759e-12,0.70736915302421355,0.0,0.0,0.0,1.699156564534953e-24,2.7905430755787079e-26
0.015208333333333334,2.7204813869121609,-2.0453250396870542e-123,2187.5844049069478,101325.0,0.15235882893822172,0.0048446717529901911,0.00077579262241798637,0.00044464943236238144,0.007181956102123156,0.004374949759496545,0.18090212517340967,9.0040632581145985e-07,6.960727859896598e-08,2.4915446207900133e-17,8.7138211708821105e-18,1.8687433841095495e-17,1.1860671810150323e-18,9.3884332445254168e-17,3.2065322272261318e-17,0.011661469330850164,0.082295961425161282,2.0625004506962665e-09,2.1903191312241382e-11,1.6352168394276996e-16,6.4161222626966396e-18,7.928198350214477e-18,6.8503494164916034e-24,1.2884141260504102e-21,2.1725963932756545e-26,1.0126959544559153e-26,0.0,0.0,9.1596247188002347e-20,1.4490868907250244e-19,6.9853381499322307e-23,6.0168830239347417e-09,6.7184677560152969e-10,1.6564932815560934e-10,2.7321362473301443e-10,1.4676599541885089e-09,6.0941362075374726e-05,1.1275881695016682e-08,1.116038986487577e-07,2.0864817170967803e-09,1.0674707628729165e-14,2.5406875342561203e-12,2.0076945212821319e-18,3.7858662824573007e-21,8.2061600141352933e-18,1.2232274053011222e-13,2.7014444914926506e-11,2.8142272894304007e-12,0.70745637734708777,0.0,0.0,0.0,1.5778151444560278e-24,2.603286853443085e-26
0.015395833333333334,2.7223021707100612,-2.0453250545211565e-123,2189.3113607907376,101324.99999999997,0.1522569278831533,0.0047853928098697653,0.0007559403417361192,0.00043392799247509562,0.0070963582573430016,0.0043297433477644254,0.18102680456876366,8.8294656788605712e-07,6.8640140733048401e-08,2.4866615742542186e-17,8.3890152918749336e-18,1.8031365179120123e-17,1.1405811139073323e-18,9.0768158981959537e-17,3.137202705053708e-17,0.011538633782209273,0.082431388288960308,1.9864960525063156e-09,2.1439609087939383e-11,1.5543492533686248e-16,6.1227666785961881e-18,7.646013357251696e-18,6.6353983624168874e-24,1.2585280375869434e-21,2.0532498945701562e-26,9.434639750084038e-27,0.0,0.0,8.9209384904963054e-20,1.3950011736551119e-19,6.9185627025079974e-23,5.9999250092152983e-09,6.6351803448786657e-10,1.6654241317706206e-10,2.7832313376515116e-10,1.4316514909192067e-09,6.1820765604608547e-05,1.1475245660570587e-08,1.1121886125870713e-07,2.0878047811658813e-09,1.0667767080913335e-14,2.5627627558335498e-12,1.9631721629294226e-18,3.627418212482893e-21,8.4738274244403217e-18,1.2550517940841669e-13,2.7588212005928675e-11,2.8379500626096653e-12,0.70753890289563237,0.0,0.0,0.0,1.4701861842501715e-24,2.436210761197174e-26
0.015583333333333334,2.7240217995213589,-2.0453250693442522e-123,2190.9433796298263,101325.0,0.15216081285345404,0.0047292999263634167,0.00073742492118698529,0.00042390854152572223,0.0070152290687201689,0.0042868123489036934,0.18114457962371916,8.6661914882799577e-07,6.7730933967804422e-08,2.4816441121728171e-17,8.0889378664337186e-18,1.7427745231583412e-17,1.099018237593782e-18,8.7918705621907437e-17,3.0735805742432766e-17,0.011421899488945978,0.082560040116186062,1.9164216855090551e-09,2.1004595951256821e-11,1.4807645617729807e-16,5.854753105317059e-18,7.3855212707714169e-18,6.4356994357724942e-24,1.2305845587741756e-21,1.9454266139350069e-26,8.8054942614384684e-27,0.0,0.0,8.6983139634958026e-20,1.3452638652403093e-19,6.8555647259694672e-23,5.9830344173851237e-09,6.5575237940326124e-10,1.6742019975746955e-10,2.8333075393955393e-10,1.3980136510352398e-09,6.2688113577305825e-05,1.1670765485645285e-08,1.1083733650482509e-07,2.0896255201092596e-09,1.0660680137382221e-14,2.5840891508927149e-12,1.9216563052521184e-18,3.4819484523306812e-21,8.7376634004453033e-18,1.2862342290529585e-13,2.8149514931423369e-11,2.8608494905732429e-12,0.70761704844434936,0.0,0.0,0.0,1.3743366584156056e-24,2.2866058978873892e-26
0.015770833333333335,2.7256476733442483,-2.0453250841618447e-123,2192.4872783388569,101324.99999999999,0.15207004962894272,0.004676177732084859,0.00072013026668342787,0.00041453185346644513,0.0069382664090465633,0.0042460157603148923,0.18125594985838403,8.5132760602211729e-07,6.687508202352879e-08,2.47651922809323e-17,7.8112092067272871e-18,1.6871110294395218e-17,1.0609348611836313e-18,8.5306056273873983e-17,3.0150519635760092e-17,0.011310894023593658,0.082682336638871104,1.8516855863655345e-09,2.059592105249926e-11,1.4136340116446381e-16,5.6093089434982969e-18,7.1445888592830877e-18,6.2498676634468526e-24,1.2044190989182242e-21,1.847705840233874e-26,8.230343022754e-27,0.0,0.0,8.4903382612133663e-20,1.2994215123449467e-19,6.7960481917777221e-23,5.9662864390495876e-09,6.4850211749360078e-10,1.6828266997913446e-10,2.8823694763144254e-10,1.3665458969986464e-09,6.3543979233069819e-05,1.1862592306255672e-08,1.1046014863674419e-07,2.0919176262986082e-09,1.0653532995556648e-14,2.6047009005953731e-12,1.8828865872609239e-18,3.3481069294212719e-21,8.997519324890025e-18,1.3167731316636319e-13,2.8698415978923259e-11,2.8829642777317104e-12,0.70769110051651096,0.0,0.0,0.0,1.2886593855089603e-24,2.152176070232243e-26
0.015958333333333335,2.7271863919229129,-2.0453250989711822e-123,2193.9491516674839,101324.99999999999,0.15198425124186277,0.0046258333145610901,0.00070395403434490649,0.00040574554808831643,0.0068651988635208393,0.0042072262546400136,0.1813613610820819,8.3698681111313195e-07,6.6068528872011766e-08,2.4713139548190567e-17,7.5537469081606766e-18,1.6356741789750905e-17,1.0259519626994248e-18,8.2904610841589573e-17,2.961088961902894e-17,0.011205280645462551,0.082798657643510784,1.7917722377001303e-09,2.0211598018457261e-11,1.3522462970382305e-16,5.3840427818290772e-18,6.9213556986530911e-18,6.0766886532327808e-24,1.1798871468122936e-21,1.7588987541893906e-26,7.7045734792406845e-27,0.0,0.0,8.295772402338761e-20,1.2570821265717521e-19,6.7397561368646935e-23,5.9497462572194046e-09,6.4172546947762004e-10,1.6912986765407626e-10,2.9304209474921272e-10,1.3370709911933465e-09,6.4388890493266278e-05,1.2050869814168265e-08,1.1008802273840607e-07,2.0946577536300577e-09,1.0646404837023225e-14,2.6246300603877054e-12,1.8466347273906512e-18,3.2247228633137939e-21,9.2532562006547999e-18,1.3466669253655528e-13,2.9234972812737709e-11,2.9043304037601311e-12,0.70776131619679805,0.0,0.0,0.0,1.2118117093744161e-24,2.0310132399190172e-26
0.016145833333333335,2.7286437842479216,-2.0453251137695132e-123,2195.3343873249846,101324.99999999997,0.15190307682250903,0.004578094863092067,0.00068880624759516977,0.00039750348878412191,0.006795785543579496,0.0041703300689960796,0.18146120644813968,8.2352197581038132e-07,6.5307700801022027e-08,2.4660538428001956e-17,7.3147285633414916e-18,1.5880558342724211e-17,9.9374496242016653e-19,8.0692411543162734e-17,2.9112362155582848e-17,0.011104757249534161,0.082909344264375406,1.7362327660885144e-09,1.9849863413425607e-11,1.2959901069768114e-16,5.1768900921444866e-18,6.7141993893157541e-18,5.915094371834593e-24,1.1568611788992966e-21,1.6779803841018888e-26,7.2214057574293332e-27,0.0,0.0,8.113528975263537e-20,1.2179063650041718e-19,6.686461459273024e-23,5.9334705511462709e-09,6.3538590846449976e-10,1.6996182669248431e-10,2.9774624992413479e-10,1.3094327726601874e-09,6.522332238790276e-05,1.2235732091809124e-08,1.0972161785394555e-07,2.0978256012639078e-09,1.0639366590782594e-14,2.6439054146947981e-12,1.8127007979638212e-18,3.1107802445082623e-21,9.5047313836022399e-18,1.3759125744523879e-13,2.975921298536989e-11,2.9249801479277147e-12,0.70782792548110729,0.0,0.0,0.0,1.1426676627047878e-24,1.9214858986587406e-26
0.016333333333333335,2.7300248291239413,-2.0453251285650925e-123,2196.6476197262532,101324.99999999999,0.15182623461317576,0.0045328107796938312,0.0006746083320587267,0.00038976542777304743,0.00672981870123277,0.0041352275456363954,0.18155582391556604,8.1086814971857597e-07,6.458949302787756e-08,2.4607603671025983e-17,7.0925617803701358e-18,1.5439028846215772e-17,9.640355637709101e-19,7.8650599756778723e-17,2.8650995014639034e-17,0.011009057238503567,0.083014697726411013,1.6846777459832301e-09,1.9509161915933146e-11,1.2443404944909294e-16,4.9860707443291563e-18,6.5217086092914732e-18,5.7641459048639758e-24,1.1352285857983226e-21,1.6040894626818265e-26,6.7776132566284971e-27,0.0,0.0,7.9426539936567737e-20,1.1816006021454135e-19,6.6359599134645304e-23,5.917507987419587e-09,6.2945161911567208e-10,1.7077844306489562e-10,3.0234871682440646e-10,1.28349462230693e-09,6.604768014477477e-05,1.2417300534604106e-08,1.0936157305134527e-07,2.1014040350472478e-09,1.0632477002210505e-14,2.6625503882499406e-12,1.7809103115630312e-18,3.0053984891790505e-21,9.7517765365611136e-18,1.4045032175833594e-13,3.0271093143485618e-11,2.9449403242129424e-12,0.70789113327126119,0.0,0.0,0.0,1.0802807582677143e-24,1.8222319989077851e-26
0.016520833333333332,2.7313334881972442,-2.0453251433551686e-123,2197.8925816381052,101324.99999999997,0.15175349169759317,0.0044898490198344273,0.00066129255230030343,0.00038249692418091752,0.0066671314298959077,0.0041018344087820425,0.18164548924331664,7.9897037016934505e-07,6.3911289359512717e-08,2.4554460575281099e-17,6.8858605993507561e-18,1.502910255145849e-17,9.3658524758739927e-19,7.6762976947621618e-17,2.8223355173859378e-17,0.010917954981244683,0.083114971558188852,1.6367725899620507e-09,1.9188141259700656e-11,1.1968487432813384e-16,4.8100575034713411e-18,6.3426641227748246e-18,5.6230155986827742e-24,1.1148891856244869e-21,1.5364812215366071e-26,6.3681612024228656e-27,0.0,0.0,7.7823136563624224e-20,1.1479119251745477e-19,6.5880592124129467e-23,5.9018974549973687e-09,6.2389498376159076e-10,1.715792348342445e-10,3.0684729679910566e-10,1.2591385779079973e-09,6.6862265106043303e-05,1.2595679232088815e-08,1.0900858038658607e-07,2.10537911442419e-09,1.0625773797968658e-14,2.6805794321820158e-12,1.7511119725991997e-18,2.9078178065805928e-21,9.9941591131116239e-18,1.4324242637959066e-13,3.0770432478970834e-11,2.9642292785996281e-12,0.70795112106996427,0.0,0.0,0.0,1.0238555048686784e-24,1.7320833267325692e-26
0.016708333333333332,2.7325723084515574,-2.0453251581314864e-123,2199.0717759609188,101324.99999999997,0.1516846948308458,0.0044490959648584216,0.00064880163625689131,0.0003756695247122878,0.0066076157177172509,0.0040700836570570524,0.18173040468863275,7.8778477086662971e-07,6.3271030216051543e-08,2.4501053721183609e-17,6.6934262264429402e-18,1.4648146795782695e-17,9.1118968218487222e-19,7.501560115709065e-17,2.7826411441693076e-17,0.010831284765750184,0.083210344015540075,1.5922361850441238e-09,1.8885664960964217e-11,1.1531354557798537e-16,4.6475545103219172e-18,6.1760266055061943e-18,5.4909791081118361e-24,1.0957546524746075e-21,1.4745339392028319e-26,5.9908854037084596e-27,0.0,0.0,7.6317900512748298e-20,1.1166252518077469e-19,6.5425784715408986e-23,5.8866616985745574e-09,6.1869187717138048e-10,1.7236289334410876e-10,3.1123691976042837e-10,1.2362646586691097e-09,6.7667209099703807e-05,1.2770949361946626e-08,1.086635321983388e-07,2.1097395531151556e-09,1.0619255677238286e-14,2.6979922079833398e-12,1.7231755739282217e-18,2.8173885792383706e-21,1.0231510557678884e-17,1.459646305711148e-13,3.1256790640442372e-11,2.9828520019739473e-12,0.70800804834691877,0.0,0.0,0.0,9.7272613798568326e-25,1.6500659439300593e-26
0.017083333333333332,2.7348418704646607,-2.0453251876566056e-123,2201.2346754821933,101324.99999999997,0.15155881808475644,0.0043739497196800935,0.0006261460473433937,0.00036327156158215748,0.0064981007694999487,0.0040114245517908582,0.18188626557075332,7.674553848448241e-07,6.2100466449233734e-08,2.4393075662883527e-17,6.3480104017999983e-18,1.3965834678587101e-17,8.659834857479814e-19,7.1902919321449989e-17,2.7116729108091015e-17,0.010671154856620197,0.083386366757593339,1.5124991426250703e-09,1.833375961260364e-11,1.0759390226266866e-16,4.3593458777271847e-18,5.8771669981951615e-18,5.2524185654836496e-24,1.0609124514637509e-21,1.365813860849207e-26,5.3226567266828086e-27,0.0,0.0,7.3585417360278734e-20,1.0607165785485031e-19,6.4587093733983456e-23,5.8574453155264121e-09,6.0928352426295258e-10,1.7387163568550699e-10,3.1965318126706273e-10,1.19470720567349e-09,6.9247285881166772e-05,1.3112224681648392e-08,1.080019731278538e-07,2.119616894663309e-09,1.0606859576912005e-14,2.7308939397721696e-12,1.6725661070351472e-18,2.6561390092714424e-21,1.0689055923793115e-17,1.5117716088254378e-13,3.2187148450134211e-11,3.0180731072139226e-12,0.70811311036569768,0.0,0.0,0.0,8.8440059789888502e-25,1.5077214234466311e-26
0.017458333333333333,2.7369060625775457,-2.045325217165215e-123,2203.2020683369255,101324.99999999997,0.1514445128362445,0.0043057351475373146,0.00060595159762057702,0.00035218502553842503,0.006398081193479838,0.0039578717684340898,0.18202803406406581,7.4922972443623509e-07,6.1043550090989705e-08,2.4288000559324968e-17,6.044509315119357e-18,1.3367705181890572e-17,8.2664060928377321e-19,6.9190967363261557e-17,2.6496064327142815e-17,0.010524755350726826,0.083547254366295176,1.4425024823514743e-09,1.7838201600734629e-11,1.0093619823689248e-16,4.1095059911632315e-18,5.6144573108403998e-18,5.0410105319421276e-24,1.0297356816437466e-21,1.2727829274023029e-26,4.7436952643281271e-27,0.0,0.0,7.1147711504158291e-20,1.0117132388049561e-19,6.3824853910509289e-23,5.8299008065667964e-09,6.0095075474816272e-10,1.7533051791243831e-10,3.2771997597503767e-10,1.1575945667546022e-09,7.0796800713922173e-05,1.3443330920401423e-08,1.0736880256790144e-07,2.1306858246479847e-09,1.0595736103503045e-14,2.7619169178405961e-12,1.6275434805037951e-18,2.5154961931395894e-21,1.1129141657936793e-17,1.5615762367259646e-13,3.307448733953293e-11,3.051216208613936e-12,0.70820839187860218,0.0,0.0,0.0,8.102253516936898e-25,1.3873032141635441e-26
0.017833333333333333,2.7387896592782188,-2.0453252466545629e-123,2204.996063100657,101325.00000000001,0.15134035824875494,0.0042438178111454707,0.00058791292896726596,0.00034224847518502449,0.0063065486849837584,0.0039089617502344213,0.18215749505129109,7.3284630617810048e-07,6.0087339520671139e-08,2.4188206785409891e-17,5.7773077042581351e-18,1.2842213055144117e-17,7.9229320668334661e-19,6.6822056867980956e-17,2.595330665954424e-17,0.010391069615179308,0.083694173421144033,1.3808714396250219e-09,1.7393128502013064e-11,9.5169497727149964e-17,3.8921123536473328e-18,5.3830146803668364e-18,4.8537501474126433e-24,1.0019012346909497e-21,1.1928649113104206e-26,4.2410085884964709e-27,0.0,0.0,6.8973877163886965e-20,9.6869144644557275e-20,6.3138461736715637e-23,5.8042133211362484e-09,5.9357617878879259e-10,1.7674627876038115e-10,3.3545446543543641e-10,1.1243887521319841e-09,7.231793718415231e-05,1.3764915249411006e-08,1.0676415041975431e-07,2.1428741260993732e-09,1.0586594048738129e-14,2.7913310803527849e-12,1.5875063860419266e-18,2.3924620550455891e-21,1.1552367776314665e-17,1.6091551269622683e-13,3.3920989894723502e-11,3.0825458079364482e-12,0.70829452924648983,0.0,0.0,0.0,7.4754996658755117e-25,1.2849856966281531e-26
0.018208333333333333,2.740514584555636,-2.0453252761246493e-123,2206.6354644383518,101324.99999999999,0.1512451028719876,0.0041878106350173271,0.00057180738303347735,0.00033333871660954566,0.006222644971144331,0.0038643623013936762,0.1822761757914598,7.1810153197708924e-07,5.9221883002312028e-08,2.4097071020554804e-17,5.5423311607087432e-18,1.2381077229592491e-17,7.6231625159761083e-19,6.4754817601322761e-17,2.548081442920742e-17,0.010269410414082894,0.083827948161056473,1.3265767010708217e-09,1.6994443473324356e-11,9.0166343035264963e-17,3.7027582158607224e-18,5.1792310720789224e-18,4.6885053255747239e-24,9.771994072799937e-22,1.1241500658488669e-26,3.8051238281785465e-27,0.0,0.0,6.7042328961643481e-20,9.3095284342366612e-20,6.2529525861282975e-23,5.7806590517064664e-09,5.8708520618331322e-10,1.7812722900067953e-10,3.4286890846423965e-10,1.0947000874066857e-09,7.3811893257248566e-05,1.4077232158074282e-08,1.0618839514271965e-07,2.1561564335654621e-09,1.0580394110727346e-14,2.8194273581813889e-12,1.5520639784041851e-18,2.2848246746734866e-21,1.195896948297209e-17,1.6545648993362426e-13,3.4728014818772603e-11,3.1122996937052894e-12,0.70837178061989881,0.0,0.0,0.0,6.9440401884511527e-25,1.1978362530238634e-26
0.018583333333333334,2.7421002879782783,-2.0453253055727225e-123,2208.1356273315055,101325.0,0.15115764124294487,0.0041376367695203815,0.00055750179638390735,0.00032537511279291729,0.0061456869378013288,0.0038239187961333098,0.1823853475853591,7.0485402005075441e-07,5.844066704878697e-08,2.401989560073984e-17,5.3371652714463971e-18,1.1979577108307496e-17,7.3633576823504682e-19,6.2965714700030117e-17,2.5075578329286061e-17,0.010159618284421856,0.083948862585370834,1.2789395328538121e-09,1.6640293598170201e-11,8.5839776306376027e-17,3.5384986986227414e-18,5.0008913267229177e-18,4.5443554272433266e-24,9.5560678426107484e-22,1.0653820638820866e-26,3.430666924712382e-27,0.0,0.0,6.5344439885390455e-20,8.9807493088765734e-20,6.2006166627346032e-23,5.7597069790041254e-09,5.8145324491781451e-10,1.7948518217206454e-10,3.4997004914539886e-10,1.0683020677049055e-09,7.5277544262164747e-05,1.4379808629478663e-08,1.0564235497227238e-07,2.1705544030281844e-09,1.0578606330569306e-14,2.8465409980814146e-12,1.5210757160771913e-18,2.1911684194086833e-21,1.2348764746306732e-17,1.697802676417891e-13,3.5495791410421597e-11,3.1407124667840654e-12,0.70843987982438816,0.0,0.0,0.0,6.4941294954463387e-25,1.1238366027807504e-26
0.018958333333333334,2.7435626188858633,-2.0453253350070376e-123,2209.5069288847071,101324.99999999997,0.1510770737962264,0.0040937004394183711,0.00054498556235070561,0.0003183360135642211,0.0060752574898204634,0.0037877669181114733,0.18248579201490039,6.930465581061835e-07,5.7742125501249129e-08,2.3965202930473919e-17,5.1614833565886891e-18,1.1637382397175839e-17,7.1427344553916775e-19,6.1452397470727127e-17,2.4740337335080388e-17,0.010062302525144147,0.084056439941323918,1.23770319844747e-09,1.6331939781639943e-11,8.2147281072279731e-17,3.3980479823371424e-18,4.8474947520944916e-18,4.421967484955778e-24,9.373529444955448e-22,1.0160010945391168e-26,3.1171048914651861e-27,0.0,0.0,6.3888776907512699e-20,8.6996281552984696e-20,6.1585494819995912e-23,5.742195729235418e-09,5.7672682985604098e-10,1.8083543065830624e-10,3.5674505496950152e-10,1.0451953230535719e-09,7.6707680755571457e-05,1.467056006124949e-08,1.0512850754425876e-07,2.18612257416538e-09,1.0583495189707646e-14,2.8730321633859855e-12,1.4947452176635599e-18,2.1110243189053079e-21,1.2720461554904981e-17,1.7387032591168979e-13,3.622160829308393e-11,3.1679785948748568e-12,0.70849782944255613,0.0,0.0,0.0,6.1177231071876846e-25,1.0618824274058902e-26
0.019145833333333334,2.7442498151230299,-2.0453253497200677e-123,2210.144405817744,101325.0,0.15103924216662384,0.0040745462844268034,0.0005394755721447453,0.00031519390217353609,0.006042505195516315,0.0037715500727190554,0.1825325030101653,6.8771552845686088e-07,5.7426492763452314e-08,2.3950918950114611e-17,5.0857457551315782e-18,1.1490696001704086e-17,7.0483423700392472e-19,6.0808339939010907e-17,2.4602075603437206e-17,0.010018805460599498,0.084104874394872478,1.2196251074458577e-09,1.6196986967202258e-11,8.0547327196242771e-17,3.3371855311980991e-18,4.7808671714607625e-18,4.3698128761958987e-24,9.2964134759563802e-22,9.9493929323328571e-27,2.9848830795870885e-27,0.0,0.0,6.3261826112048352e-20,8.5778729810553881e-20,6.1419795334288043e-23,5.7352697769021268e-09,5.7476277994314981e-10,1.8151169138146225e-10,3.5998149475788054e-10,1.035027548291598e-09,7.7400661010432125e-05,1.4809279531706296e-08,1.0488582384080094e-07,2.1943381984203952e-09,1.0589537257406538e-14,2.8861025045264238e-12,1.4835918202651727e-18,2.0763681911880009e-21,1.2898025127827821e-17,1.7580626002535626e-13,3.656504993384134e-11,3.1811529706314957e-12,0.70852226924971473,0.0,0.0,0.0,5.9567011048617805e-25,1.0353742783391378e-26
0.019333333333333334,2.744893368652781,-2.0453253644330977e-123,2210.7355129277016,101324.99999999999,0.15100383018657115,0.0040578200755603767,0.00053460431168049537,0.00031238296434768655,0.0060121672253971,0.0037570284660503354,0.18257578693254958,6.8289558078268302e-07,5.7141279736724305e-08,2.3947841216592764e-17,5.0200905560113853e-18,1.1364358214903038e-17,6.9671056356923101e-19,6.0257811605570059e-17,2.4488476028407808e-17,0.0099801293360293215,0.084148283709775368,1.2036823046757547e-09,1.6078802448282857e-11,7.9147401154075563e-17,3.2839882486828249e-18,4.722701864423503e-18,4.3254450532153965e-24,9.2317332394475645e-22,9.768296376234008e-27,2.8746065308975634e-27,0.0,0.0,6.2722769364034214e-20,8.4722175752466925e-20,6.1295482530898015e-23,5.729973930238459e-09,5.7313338894757053e-10,1.8217807989158815e-10,3.6303866809267768e-10,1.0260452682121041e-09,7.8064387255565089e-05,1.4940536146888072e-08,1.0465939683778694e-07,2.2027634309154e-09,1.0598624054274424e-14,2.8988898037606852e-12,1.4741567313083477e-18,2.0461867539674603e-21,1.306598667356223e-17,1.7762133325829849e-13,3.6886965578588735e-11,3.1938048115908206e-12,0.70854286161449864,0.0,0.0,0.0,5.8171457101156045e-25,1.0125056384861611e-26
0.0195,2.7454149864788806,-2.0453253775116524e-123,2211.2094222104129,101324.99999999999,0.15097513993439382,0.0040454465183766275,0.00053092909058311932,0.00031022865255626587,0.0059878665092731988,0.0037459203467084326,0.18261021910690345,6.7914772215895662e-07,5.6919895648581816e-08,2.3955404608572618e-17,4.9716277534391752e-18,1.1271815660580265e-17,6.9076065291619525e-19,5.9857735703600068e-17,2.4410057297473959e-17,0.0099505626964218781,0.084181875002656906,1.1916334939448851e-09,1.5990396043698908e-11,7.8098194959945705e-17,3.2441977652811163e-18,4.6792856120025148e-18,4.2933834854739292e-24,9.1858075421079578e-22,9.6352017785770459e-27,2.7978207808946067e-27,0.0,0.0,6.2327823290295476e-20,8.3936154388054949e-20,6.1220032982529094e-23,5.7268927202628829e-09,5.7201208436233655e-10,1.8274587164914021e-10,3.6552204913742198e-10,1.0192778287930904e-09,7.8612261216872757e-05,1.5047433001874767e-08,1.0447743712564631e-07,2.2102266347367987e-09,1.0609279690832834e-14,2.9097289160642895e-12,1.4674602124553549e-18,2.0237428421187004e-21,1.3203258213923994e-17,1.7908649253324733e-13,3.7146783506281322e-11,3.2043094751483244e-12,0.70855747289506343,0.0,0.0,0.0,5.713261944179543e-25,9.9555356076808921e-27
0.019666666666666666,2.7458638263506847,-2.0453253905847038e-123,2211.6126407565566,101324.99999999999,0.15095046126948763,0.0040359676249630038,0.000528031641779548,0.00030849653614432084,0.0059671893476352482,0.0037370396099577572,0.18263900313502088,6.7607300170844742e-07,5.6738878372874786e-08,2.3971929533417206e-17,4.9343488412356954e-18,1.1201297537152718e-17,6.8622387506028772e-19,5.9555416199039894e-17,2.4354699091192691e-17,0.0099266519166142028,0.08420954478324523,1.1820607077224434e-09,1.5921098323745547e-11,7.7272346600574032e-17,3.2129779864581989e-18,4.6453261910581591e-18,4.2693061308599401e-24,9.1520278791834301e-22,9.5328084571107785e-27,2.7453538551872769e-27,0.0,0.0,6.202556073169546e-20,8.3321289100973416e-20,6.1176067162543941e-23,5.7255151485447598e-09,5.7124295389513921e-10,1.8325867655158358e-10,3.6764889744639179e-10,1.0139544211807722e-09,7.9091321708960895e-05,1.5139568093043403e-08,1.0432258674493045e-07,2.2172466365137169e-09,1.0621777638560529e-14,2.9195062757611106e-12,1.4626296712035925e-18,2.006285675193999e-21,1.3322637387161354e-17,1.8033766324850031e-13,3.7368659421286011e-11,3.2135771409420796e-12,0.70856812048835438,0.0,0.0,0.0,5.6318115323077334e-25,9.8233613841565472e-27
0.01975,2.7460445833467446,-2.0456937482946751e-123,2211.7738042589563,101324.99999999999,0.15094052487926643,0.0040325659158827595,0.00052696039397110469,0.00030784210667574876,0.0059588964913789245,0.0037337119509971584,0.18265019178375463,6.7488439971724806e-07,5.6669193966005628e-08,2.398200413162634e-17,4.9207888153257123e-18,1.1175780984491728e-17,6.8458030910053642e-19,5.9446207711412962e-17,2.4335621484771231e-17,0.0099173736617963054,0.084220518622563162,1.1784607119730639e-09,1.5895230394748894e-11,7.6964441391641318e-17,3.201373456547667e-18,4.632686761311431e-18,4.2605888833485521e-24,9.1398780736930967e-22,9.4951784293820364e-27,2.7298644671896639e-27,0.0,0.0,6.1914135297378286e-20,8.308929467209963e-20,6.1161977084630859e-23,5.7254275633505815e-09,5.7100118729364952e-10,1.8347137477239992e-10,3.6849480639993111e-10,1.0119916557792266e-09,7.9286486544612406e-05,1.5176662465058118e-08,1.042601841610441e-07,2.2202808845399352e-09,1.0628031524319762e-14,2.9235965310799526e-12,1.4610179840461214e-18,1.9998581192930714e-21,1.3371591309935652e-17,1.8084032373911861e-13,3.7457958869306081e-11,3.2174023622884689e-12,0.7085717902771812,0.0,0.0,0.0,5.6012951297438843e-25,9.7737128420522265e-27
0.019833333333333335,2.7461815587619451,-2.0460622002153671e-123,2211.895386868423,101325.0,0.1509329959928725,0.004030193485782564,0.0005261958829685709,0.00030736844952104048,0.0059526216052991805,0.0037313211547509795,0.18265844707940923,6.7400835060292719e-07,5.6618014006470798e-08,2.3991428567917441e-17,4.9112343971875986e-18,1.1157891744801208e-17,6.8342674791522378e-19,5.9369765403239647e-17,2.4322783449983996e-17,0.0099105099509460698,0.084228788640686059,1.1758563273983421e-09,1.5876636926473746e-11,7.6743111318372014e-17,3.1930540154585249e-18,4.6236290895677551e-18,4.2544801583491365e-24,9.1314037657015106e-22,9.4684921797125028e-27,2.7224291567811204e-27,0.0,0.0,6.1834873375530164e-20,8.292143722892529e-20,6.1153118931052914e-23,5.7256151450163336e-09,5.7085274476617876e-10,1.8363558547972058e-10,3.6912920022782498e-10,1.0105939542402603e-09,7.9435714723516713e-05,1.5204819024455841e-08,1.0421279071003e-07,2.2226910545925198e-09,1.0633448854057674e-14,2.9267867597537342e-12,1.4599706604065517e-18,1.9952848794052507e-21,1.3409304080410342e-17,1.812212356077887e-13,3.7525720099217649e-11,3.220359606233024e-12,0.70857425667382301,0.0,0.0,0.0,5.5792805159902483e-25,9.7379803838583071e-27
0.019916666666666666,2.7462600135368902,-2.0411545251937081e-123,2211.9647967080323,101325.0,0.15092868390391798,0.0040289557013693453,0.00052578756027604539,0.00030711009333995055,0.005949020876866393,0.0037300290366232992,0.18266302531552941,6.7352011483595746e-07,5.6589608025532531e-08,2.3997825931682766e-17,4.9061702133683984e-18,1.1148409451073379e-17,6.8281438284973324e-19,5.9329049925924611e-17,2.4316096436796922e-17,0.0099066348364502954,0.084233563806211123,1.174434683814969e-09,1.5866491483464029e-11,7.6622979471861008e-17,3.1885490737147937e-18,4.6186948719789854e-18,4.2512087030882814e-24,9.126839050003417e-22,9.4541580451136713e-27,2.7212744017125459e-27,0.0,0.0,6.1791770900825171e-20,8.2828025117762579e-20,6.1148218078887267e-23,5.7258635254605214e-09,5.7078723352662893e-10,1.8373051087302874e-10,3.6948729689750371e-10,1.0098496152770857e-09,7.9522015656493939e-05,1.5220996397637738e-08,1.04185280124654e-07,2.2241391351484811e-09,1.0636973662054981e-14,2.9286692734948175e-12,1.4594790590907222e-18,1.992832132613821e-21,1.343143378403772e-17,1.8144104565434678e-13,3.75649371326486e-11,3.2220985283570549e-12,0.70857548992361186,0.0,0.0,0.0,5.5671939876649779e-25,9.7182239535836679e-27
0.02,2.7462600124229279,0.0,2211.9647967080323,101324.99999999999,0.15092868367340215,0.0040289573433597648,0.0005257875594092147,0.00030711009283363876,0.0059490208670586412,0.0037300290304738506,0.18266302501438517,6.7352011372557011e-07,5.6589607932237053e-08,2.3997789198344962e-17,4.9061702031254609e-18,1.1148409425070112e-17,6.82814381341834e-19,5.9329049789869684e-17,2.4316096397697722e-17,0.009906634820117893,0.084233563667340888,1.1744346818787576e-09,1.5866491457305929e-11,7.6622979345341647e-17,3.188549068420234e-18,4.6186948640423175e-18,4.2512086960498738e-24,9.1268390302785691e-22,9.454157544564862e-27,2.7212667706808498e-27,0.0,0.0,6.1791770758085379e-20,8.2828024892988475e-20,6.1148217935267143e-23,5.7258635160206742e-09,5.7078723258561007e-10,1.8373051057012456e-10,3.6948729628835488e-10,1.0098496136122143e-09,7.9522015525391332e-05,1.5220996372543903e-08,1.0418527995289074e-07,2.2241391314816924e-09,1.0636973644500639e-14,2.9286692686663381e-12,1.4594790566842335e-18,1.9928321233231647e-21,1.3431433761771097e-17,1.8144104535520924e-13,3.7564937070717762e-11,3.222098523044964e-12,0.70857548875543108,0.0,0.0,0.0,5.5671939761994934e-25,9.7182241547322624e-27
